ISO-10303-21;
HEADER;
/* Generated by software containing ST-Developer
 * from STEP Tools, Inc. (www.steptools.com) 
 */

FILE_DESCRIPTION(
/* description */ (''),
/* implementation_level */ '2;1');

FILE_NAME(
/* name */ 'Sample Holder.step',
/* time_stamp */ '2026-04-01T10:59:05-04:00',
/* author */ (''),
/* organization */ (''),
/* preprocessor_version */ 'ST-DEVELOPER v20.1',
/* originating_system */ 'Autodesk Translation Framework v14.24.0.0',
/* authorisation */ '');

FILE_SCHEMA (('AUTOMOTIVE_DESIGN { 1 0 10303 214 3 1 1 }'));
ENDSEC;

DATA;
#10=MECHANICAL_DESIGN_GEOMETRIC_PRESENTATION_REPRESENTATION('',(#13),#3561);
#11=SHAPE_REPRESENTATION_RELATIONSHIP('SRR','None',#3568,#12);
#12=ADVANCED_BREP_SHAPE_REPRESENTATION('',(#14),#3560);
#13=STYLED_ITEM('',(#3577),#14);
#14=MANIFOLD_SOLID_BREP('Body1',#1965);
#15=SPHERICAL_SURFACE('',#2142,3.);
#16=SPHERICAL_SURFACE('',#2148,3.);
#17=SPHERICAL_SURFACE('',#2158,3.);
#18=SPHERICAL_SURFACE('',#2164,3.);
#19=ELLIPSE('',#2081,4.24264068711929,3.);
#20=ELLIPSE('',#2084,4.24264068711928,3.);
#21=ELLIPSE('',#2105,4.24264068711929,3.);
#22=ELLIPSE('',#2116,4.24264068711929,3.);
#23=ELLIPSE('',#2124,4.24264068711928,3.);
#24=ELLIPSE('',#2128,4.24264068711928,3.);
#25=FACE_BOUND('',#251,.T.);
#26=FACE_BOUND('',#256,.T.);
#27=FACE_BOUND('',#258,.T.);
#28=FACE_BOUND('',#275,.T.);
#29=FACE_BOUND('',#319,.T.);
#30=FACE_BOUND('',#344,.T.);
#31=FACE_BOUND('',#345,.T.);
#32=FACE_BOUND('',#346,.T.);
#33=FACE_BOUND('',#347,.T.);
#34=FACE_BOUND('',#348,.T.);
#35=FACE_BOUND('',#349,.T.);
#36=FACE_BOUND('',#350,.T.);
#37=FACE_BOUND('',#358,.T.);
#38=B_SPLINE_CURVE_WITH_KNOTS('',3,(#2944,#2945,#2946,#2947,#2948,#2949,
#2950,#2951,#2952,#2953,#2954,#2955,#2956,#2957,#2958,#2959),
 .UNSPECIFIED.,.F.,.F.,(4,2,2,2,2,2,2,4),(6.27012219068016,6.44622165183233,
6.6223211129845,6.74969289953641,6.8626527639172,7.06768319129172,7.31621283281229,
7.56474247433285),.UNSPECIFIED.);
#39=B_SPLINE_CURVE_WITH_KNOTS('',3,(#2965,#2966,#2967,#2968,#2969,#2970,
#2971,#2972,#2973,#2974,#2975,#2976,#2977,#2978,#2979,#2980),
 .UNSPECIFIED.,.F.,.F.,(4,2,2,2,2,2,2,4),(4.97550190702748,5.22403154854804,
5.47256119006861,5.67759161744313,5.79055148182392,5.91792326837583,6.094022729528,
6.27012219068016),.UNSPECIFIED.);
#40=B_SPLINE_CURVE_WITH_KNOTS('',3,(#3102,#3103,#3104,#3105,#3106,#3107,
#3108,#3109,#3110,#3111,#3112,#3113,#3114,#3115,#3116,#3117),
 .UNSPECIFIED.,.F.,.F.,(4,2,2,2,2,2,2,4),(6.27012219068016,6.44622165183233,
6.6223211129845,6.74969289953641,6.8626527639172,7.06768319129172,7.31621283281229,
7.56474247433285),.UNSPECIFIED.);
#41=B_SPLINE_CURVE_WITH_KNOTS('',3,(#3123,#3124,#3125,#3126,#3127,#3128,
#3129,#3130,#3131,#3132,#3133,#3134,#3135,#3136,#3137,#3138),
 .UNSPECIFIED.,.F.,.F.,(4,2,2,2,2,2,2,4),(4.97550190702748,5.22403154854804,
5.47256119006861,5.67759161744313,5.79055148182392,5.91792326837583,6.094022729528,
6.27012219068016),.UNSPECIFIED.);
#42=B_SPLINE_CURVE_WITH_KNOTS('',3,(#3353,#3354,#3355,#3356,#3357,#3358,
#3359,#3360,#3361,#3362),.UNSPECIFIED.,.F.,.F.,(4,2,2,2,4),(0.297987879859022,
0.334853324032231,0.371984497424144,0.409411025812765,0.447041732477737),
 .UNSPECIFIED.);
#43=B_SPLINE_CURVE_WITH_KNOTS('',3,(#3366,#3367,#3368,#3369,#3370,#3371,
#3372,#3373,#3374,#3375),.UNSPECIFIED.,.F.,.F.,(4,2,2,2,4),(0.148934027240306,
0.186564733905279,0.223991262293899,0.261122435685813,0.297987879859022),
 .UNSPECIFIED.);
#44=B_SPLINE_CURVE_WITH_KNOTS('',3,(#3413,#3414,#3415,#3416,#3417,#3418,
#3419,#3420,#3421,#3422),.UNSPECIFIED.,.F.,.F.,(4,2,2,2,4),(0.297987879859022,
0.334853324032231,0.371984497424145,0.409411025812765,0.447041732477738),
 .UNSPECIFIED.);
#45=B_SPLINE_CURVE_WITH_KNOTS('',3,(#3424,#3425,#3426,#3427,#3428,#3429,
#3430,#3431,#3432,#3433),.UNSPECIFIED.,.F.,.F.,(4,2,2,2,4),(0.148934027240307,
0.186564733905279,0.2239912622939,0.261122435685813,0.297987879859022),
 .UNSPECIFIED.);
#46=B_SPLINE_CURVE_WITH_KNOTS('',3,(#3440,#3441,#3442,#3443,#3444,#3445,
#3446,#3447,#3448,#3449),.UNSPECIFIED.,.F.,.F.,(4,2,2,2,4),(0.297987879859022,
0.334853324032231,0.371984497424145,0.409411025812765,0.447041732477738),
 .UNSPECIFIED.);
#47=B_SPLINE_CURVE_WITH_KNOTS('',3,(#3451,#3452,#3453,#3454,#3455,#3456,
#3457,#3458,#3459,#3460),.UNSPECIFIED.,.F.,.F.,(4,2,2,2,4),(0.148934027240306,
0.186564733905279,0.223991262293899,0.261122435685813,0.297987879859022),
 .UNSPECIFIED.);
#48=B_SPLINE_CURVE_WITH_KNOTS('',3,(#3467,#3468,#3469,#3470,#3471,#3472,
#3473,#3474,#3475,#3476),.UNSPECIFIED.,.F.,.F.,(4,2,2,2,4),(0.297987879859022,
0.334853324032231,0.371984497424145,0.409411025812765,0.447041732477738),
 .UNSPECIFIED.);
#49=B_SPLINE_CURVE_WITH_KNOTS('',3,(#3478,#3479,#3480,#3481,#3482,#3483,
#3484,#3485,#3486,#3487),.UNSPECIFIED.,.F.,.F.,(4,2,2,2,4),(0.148934027240306,
0.186564733905279,0.223991262293899,0.261122435685813,0.297987879859022),
 .UNSPECIFIED.);
#50=TOROIDAL_SURFACE('',#2008,15.,12.);
#51=TOROIDAL_SURFACE('',#2012,15.,12.);
#52=TOROIDAL_SURFACE('',#2019,15.,12.);
#53=TOROIDAL_SURFACE('',#2023,15.,12.);
#54=TOROIDAL_SURFACE('',#2027,15.,12.);
#55=TOROIDAL_SURFACE('',#2030,15.,12.);
#56=TOROIDAL_SURFACE('',#2055,15.,12.);
#57=TOROIDAL_SURFACE('',#2061,15.,12.);
#58=TOROIDAL_SURFACE('',#2066,15.,12.);
#59=TOROIDAL_SURFACE('',#2069,15.,12.);
#60=TOROIDAL_SURFACE('',#2073,15.,12.);
#61=TOROIDAL_SURFACE('',#2076,15.,12.);
#62=TOROIDAL_SURFACE('',#2100,6.,3.);
#63=TOROIDAL_SURFACE('',#2106,6.,3.);
#64=TOROIDAL_SURFACE('',#2110,6.,3.);
#65=TOROIDAL_SURFACE('',#2117,6.00000000000001,3.);
#66=TOROIDAL_SURFACE('',#2132,6.,3.);
#67=TOROIDAL_SURFACE('',#2135,6.,3.);
#68=TOROIDAL_SURFACE('',#2172,13.,1.);
#69=TOROIDAL_SURFACE('',#2180,13.,1.);
#70=TOROIDAL_SURFACE('',#2183,13.,1.);
#71=TOROIDAL_SURFACE('',#2186,13.,1.);
#72=PLANE('',#1982);
#73=PLANE('',#1986);
#74=PLANE('',#1990);
#75=PLANE('',#1994);
#76=PLANE('',#1998);
#77=PLANE('',#2034);
#78=PLANE('',#2040);
#79=PLANE('',#2043);
#80=PLANE('',#2047);
#81=PLANE('',#2082);
#82=PLANE('',#2088);
#83=PLANE('',#2089);
#84=PLANE('',#2099);
#85=PLANE('',#2130);
#86=PLANE('',#2131);
#87=PLANE('',#2141);
#88=PLANE('',#2157);
#89=PLANE('',#2171);
#90=PLANE('',#2175);
#91=PLANE('',#2176);
#92=PLANE('',#2182);
#93=PLANE('',#2185);
#94=PLANE('',#2188);
#95=PLANE('',#2189);
#96=PLANE('',#2190);
#97=PLANE('',#2192);
#98=PLANE('',#2193);
#99=PLANE('',#2195);
#100=PLANE('',#2197);
#101=PLANE('',#2198);
#102=PLANE('',#2199);
#103=PLANE('',#2201);
#104=PLANE('',#2202);
#105=PLANE('',#2203);
#106=PLANE('',#2207);
#107=PLANE('',#2208);
#108=PLANE('',#2213);
#109=PLANE('',#2217);
#110=PLANE('',#2218);
#111=PLANE('',#2219);
#112=FACE_OUTER_BOUND('',#229,.T.);
#113=FACE_OUTER_BOUND('',#230,.T.);
#114=FACE_OUTER_BOUND('',#231,.T.);
#115=FACE_OUTER_BOUND('',#232,.T.);
#116=FACE_OUTER_BOUND('',#233,.T.);
#117=FACE_OUTER_BOUND('',#234,.T.);
#118=FACE_OUTER_BOUND('',#235,.T.);
#119=FACE_OUTER_BOUND('',#236,.T.);
#120=FACE_OUTER_BOUND('',#237,.T.);
#121=FACE_OUTER_BOUND('',#238,.T.);
#122=FACE_OUTER_BOUND('',#239,.T.);
#123=FACE_OUTER_BOUND('',#240,.T.);
#124=FACE_OUTER_BOUND('',#241,.T.);
#125=FACE_OUTER_BOUND('',#242,.T.);
#126=FACE_OUTER_BOUND('',#243,.T.);
#127=FACE_OUTER_BOUND('',#244,.T.);
#128=FACE_OUTER_BOUND('',#245,.T.);
#129=FACE_OUTER_BOUND('',#246,.T.);
#130=FACE_OUTER_BOUND('',#247,.T.);
#131=FACE_OUTER_BOUND('',#248,.T.);
#132=FACE_OUTER_BOUND('',#249,.T.);
#133=FACE_OUTER_BOUND('',#250,.T.);
#134=FACE_OUTER_BOUND('',#252,.T.);
#135=FACE_OUTER_BOUND('',#253,.T.);
#136=FACE_OUTER_BOUND('',#254,.T.);
#137=FACE_OUTER_BOUND('',#255,.T.);
#138=FACE_OUTER_BOUND('',#257,.T.);
#139=FACE_OUTER_BOUND('',#259,.T.);
#140=FACE_OUTER_BOUND('',#260,.T.);
#141=FACE_OUTER_BOUND('',#261,.T.);
#142=FACE_OUTER_BOUND('',#262,.T.);
#143=FACE_OUTER_BOUND('',#263,.T.);
#144=FACE_OUTER_BOUND('',#264,.T.);
#145=FACE_OUTER_BOUND('',#265,.T.);
#146=FACE_OUTER_BOUND('',#266,.T.);
#147=FACE_OUTER_BOUND('',#267,.T.);
#148=FACE_OUTER_BOUND('',#268,.T.);
#149=FACE_OUTER_BOUND('',#269,.T.);
#150=FACE_OUTER_BOUND('',#270,.T.);
#151=FACE_OUTER_BOUND('',#271,.T.);
#152=FACE_OUTER_BOUND('',#272,.T.);
#153=FACE_OUTER_BOUND('',#273,.T.);
#154=FACE_OUTER_BOUND('',#274,.T.);
#155=FACE_OUTER_BOUND('',#276,.T.);
#156=FACE_OUTER_BOUND('',#277,.T.);
#157=FACE_OUTER_BOUND('',#278,.T.);
#158=FACE_OUTER_BOUND('',#279,.T.);
#159=FACE_OUTER_BOUND('',#280,.T.);
#160=FACE_OUTER_BOUND('',#281,.T.);
#161=FACE_OUTER_BOUND('',#282,.T.);
#162=FACE_OUTER_BOUND('',#283,.T.);
#163=FACE_OUTER_BOUND('',#284,.T.);
#164=FACE_OUTER_BOUND('',#285,.T.);
#165=FACE_OUTER_BOUND('',#286,.T.);
#166=FACE_OUTER_BOUND('',#287,.T.);
#167=FACE_OUTER_BOUND('',#288,.T.);
#168=FACE_OUTER_BOUND('',#289,.T.);
#169=FACE_OUTER_BOUND('',#290,.T.);
#170=FACE_OUTER_BOUND('',#291,.T.);
#171=FACE_OUTER_BOUND('',#292,.T.);
#172=FACE_OUTER_BOUND('',#293,.T.);
#173=FACE_OUTER_BOUND('',#294,.T.);
#174=FACE_OUTER_BOUND('',#295,.T.);
#175=FACE_OUTER_BOUND('',#296,.T.);
#176=FACE_OUTER_BOUND('',#297,.T.);
#177=FACE_OUTER_BOUND('',#298,.T.);
#178=FACE_OUTER_BOUND('',#299,.T.);
#179=FACE_OUTER_BOUND('',#300,.T.);
#180=FACE_OUTER_BOUND('',#301,.T.);
#181=FACE_OUTER_BOUND('',#302,.T.);
#182=FACE_OUTER_BOUND('',#303,.T.);
#183=FACE_OUTER_BOUND('',#304,.T.);
#184=FACE_OUTER_BOUND('',#305,.T.);
#185=FACE_OUTER_BOUND('',#306,.T.);
#186=FACE_OUTER_BOUND('',#307,.T.);
#187=FACE_OUTER_BOUND('',#308,.T.);
#188=FACE_OUTER_BOUND('',#309,.T.);
#189=FACE_OUTER_BOUND('',#310,.T.);
#190=FACE_OUTER_BOUND('',#311,.T.);
#191=FACE_OUTER_BOUND('',#312,.T.);
#192=FACE_OUTER_BOUND('',#313,.T.);
#193=FACE_OUTER_BOUND('',#314,.T.);
#194=FACE_OUTER_BOUND('',#315,.T.);
#195=FACE_OUTER_BOUND('',#316,.T.);
#196=FACE_OUTER_BOUND('',#317,.T.);
#197=FACE_OUTER_BOUND('',#318,.T.);
#198=FACE_OUTER_BOUND('',#320,.T.);
#199=FACE_OUTER_BOUND('',#321,.T.);
#200=FACE_OUTER_BOUND('',#322,.T.);
#201=FACE_OUTER_BOUND('',#323,.T.);
#202=FACE_OUTER_BOUND('',#324,.T.);
#203=FACE_OUTER_BOUND('',#325,.T.);
#204=FACE_OUTER_BOUND('',#326,.T.);
#205=FACE_OUTER_BOUND('',#327,.T.);
#206=FACE_OUTER_BOUND('',#328,.T.);
#207=FACE_OUTER_BOUND('',#329,.T.);
#208=FACE_OUTER_BOUND('',#330,.T.);
#209=FACE_OUTER_BOUND('',#331,.T.);
#210=FACE_OUTER_BOUND('',#332,.T.);
#211=FACE_OUTER_BOUND('',#333,.T.);
#212=FACE_OUTER_BOUND('',#334,.T.);
#213=FACE_OUTER_BOUND('',#335,.T.);
#214=FACE_OUTER_BOUND('',#336,.T.);
#215=FACE_OUTER_BOUND('',#337,.T.);
#216=FACE_OUTER_BOUND('',#338,.T.);
#217=FACE_OUTER_BOUND('',#339,.T.);
#218=FACE_OUTER_BOUND('',#340,.T.);
#219=FACE_OUTER_BOUND('',#341,.T.);
#220=FACE_OUTER_BOUND('',#342,.T.);
#221=FACE_OUTER_BOUND('',#343,.T.);
#222=FACE_OUTER_BOUND('',#351,.T.);
#223=FACE_OUTER_BOUND('',#352,.T.);
#224=FACE_OUTER_BOUND('',#353,.T.);
#225=FACE_OUTER_BOUND('',#354,.T.);
#226=FACE_OUTER_BOUND('',#355,.T.);
#227=FACE_OUTER_BOUND('',#356,.T.);
#228=FACE_OUTER_BOUND('',#357,.T.);
#229=EDGE_LOOP('',(#1229,#1230,#1231,#1232));
#230=EDGE_LOOP('',(#1233));
#231=EDGE_LOOP('',(#1234,#1235,#1236,#1237));
#232=EDGE_LOOP('',(#1238));
#233=EDGE_LOOP('',(#1239,#1240,#1241,#1242));
#234=EDGE_LOOP('',(#1243));
#235=EDGE_LOOP('',(#1244,#1245,#1246,#1247));
#236=EDGE_LOOP('',(#1248));
#237=EDGE_LOOP('',(#1249,#1250,#1251,#1252));
#238=EDGE_LOOP('',(#1253));
#239=EDGE_LOOP('',(#1254,#1255,#1256,#1257));
#240=EDGE_LOOP('',(#1258,#1259,#1260,#1261));
#241=EDGE_LOOP('',(#1262,#1263,#1264,#1265));
#242=EDGE_LOOP('',(#1266,#1267,#1268,#1269));
#243=EDGE_LOOP('',(#1270,#1271,#1272,#1273));
#244=EDGE_LOOP('',(#1274,#1275,#1276,#1277));
#245=EDGE_LOOP('',(#1278,#1279,#1280,#1281));
#246=EDGE_LOOP('',(#1282,#1283,#1284,#1285));
#247=EDGE_LOOP('',(#1286,#1287,#1288,#1289));
#248=EDGE_LOOP('',(#1290,#1291,#1292,#1293));
#249=EDGE_LOOP('',(#1294,#1295,#1296,#1297));
#250=EDGE_LOOP('',(#1298,#1299,#1300,#1301,#1302,#1303,#1304,#1305,#1306));
#251=EDGE_LOOP('',(#1307,#1308,#1309,#1310,#1311,#1312));
#252=EDGE_LOOP('',(#1313,#1314,#1315,#1316));
#253=EDGE_LOOP('',(#1317,#1318,#1319,#1320));
#254=EDGE_LOOP('',(#1321,#1322,#1323,#1324));
#255=EDGE_LOOP('',(#1325,#1326,#1327,#1328,#1329,#1330,#1331,#1332,#1333));
#256=EDGE_LOOP('',(#1334,#1335,#1336,#1337,#1338,#1339));
#257=EDGE_LOOP('',(#1340,#1341,#1342,#1343,#1344,#1345,#1346,#1347,#1348,
#1349,#1350));
#258=EDGE_LOOP('',(#1351));
#259=EDGE_LOOP('',(#1352,#1353,#1354,#1355));
#260=EDGE_LOOP('',(#1356,#1357,#1358,#1359));
#261=EDGE_LOOP('',(#1360,#1361,#1362,#1363,#1364,#1365));
#262=EDGE_LOOP('',(#1366,#1367,#1368,#1369));
#263=EDGE_LOOP('',(#1370,#1371,#1372,#1373));
#264=EDGE_LOOP('',(#1374,#1375,#1376,#1377));
#265=EDGE_LOOP('',(#1378,#1379,#1380,#1381));
#266=EDGE_LOOP('',(#1382,#1383,#1384,#1385));
#267=EDGE_LOOP('',(#1386,#1387,#1388,#1389));
#268=EDGE_LOOP('',(#1390,#1391,#1392,#1393));
#269=EDGE_LOOP('',(#1394,#1395,#1396,#1397));
#270=EDGE_LOOP('',(#1398,#1399,#1400,#1401));
#271=EDGE_LOOP('',(#1402,#1403,#1404,#1405));
#272=EDGE_LOOP('',(#1406,#1407,#1408,#1409));
#273=EDGE_LOOP('',(#1410,#1411,#1412,#1413,#1414,#1415,#1416,#1417));
#274=EDGE_LOOP('',(#1418,#1419,#1420,#1421,#1422,#1423,#1424,#1425));
#275=EDGE_LOOP('',(#1426,#1427,#1428,#1429,#1430,#1431,#1432,#1433,#1434,
#1435,#1436,#1437,#1438,#1439,#1440,#1441));
#276=EDGE_LOOP('',(#1442,#1443,#1444,#1445));
#277=EDGE_LOOP('',(#1446,#1447,#1448,#1449,#1450,#1451,#1452,#1453));
#278=EDGE_LOOP('',(#1454,#1455,#1456,#1457));
#279=EDGE_LOOP('',(#1458,#1459,#1460,#1461));
#280=EDGE_LOOP('',(#1462,#1463,#1464,#1465));
#281=EDGE_LOOP('',(#1466,#1467,#1468,#1469));
#282=EDGE_LOOP('',(#1470,#1471,#1472,#1473));
#283=EDGE_LOOP('',(#1474,#1475,#1476,#1477));
#284=EDGE_LOOP('',(#1478,#1479,#1480,#1481));
#285=EDGE_LOOP('',(#1482,#1483,#1484,#1485));
#286=EDGE_LOOP('',(#1486,#1487,#1488,#1489));
#287=EDGE_LOOP('',(#1490,#1491,#1492,#1493));
#288=EDGE_LOOP('',(#1494,#1495,#1496,#1497));
#289=EDGE_LOOP('',(#1498,#1499,#1500,#1501));
#290=EDGE_LOOP('',(#1502,#1503,#1504,#1505));
#291=EDGE_LOOP('',(#1506,#1507,#1508,#1509));
#292=EDGE_LOOP('',(#1510,#1511,#1512,#1513));
#293=EDGE_LOOP('',(#1514,#1515,#1516,#1517));
#294=EDGE_LOOP('',(#1518,#1519,#1520,#1521));
#295=EDGE_LOOP('',(#1522,#1523,#1524,#1525));
#296=EDGE_LOOP('',(#1526,#1527,#1528,#1529));
#297=EDGE_LOOP('',(#1530,#1531,#1532,#1533));
#298=EDGE_LOOP('',(#1534,#1535,#1536,#1537));
#299=EDGE_LOOP('',(#1538,#1539,#1540,#1541));
#300=EDGE_LOOP('',(#1542,#1543,#1544));
#301=EDGE_LOOP('',(#1545,#1546,#1547,#1548));
#302=EDGE_LOOP('',(#1549,#1550,#1551));
#303=EDGE_LOOP('',(#1552,#1553,#1554,#1555));
#304=EDGE_LOOP('',(#1556,#1557,#1558,#1559,#1560));
#305=EDGE_LOOP('',(#1561,#1562,#1563,#1564));
#306=EDGE_LOOP('',(#1565,#1566,#1567,#1568,#1569));
#307=EDGE_LOOP('',(#1570,#1571,#1572,#1573));
#308=EDGE_LOOP('',(#1574,#1575,#1576));
#309=EDGE_LOOP('',(#1577,#1578,#1579,#1580));
#310=EDGE_LOOP('',(#1581,#1582,#1583,#1584,#1585));
#311=EDGE_LOOP('',(#1586,#1587,#1588));
#312=EDGE_LOOP('',(#1589,#1590,#1591,#1592));
#313=EDGE_LOOP('',(#1593,#1594,#1595,#1596));
#314=EDGE_LOOP('',(#1597,#1598,#1599,#1600,#1601));
#315=EDGE_LOOP('',(#1602,#1603,#1604,#1605));
#316=EDGE_LOOP('',(#1606,#1607,#1608,#1609));
#317=EDGE_LOOP('',(#1610,#1611,#1612,#1613,#1614));
#318=EDGE_LOOP('',(#1615,#1616,#1617,#1618,#1619,#1620,#1621,#1622));
#319=EDGE_LOOP('',(#1623,#1624,#1625,#1626,#1627,#1628,#1629,#1630,#1631,
#1632,#1633,#1634,#1635,#1636,#1637,#1638));
#320=EDGE_LOOP('',(#1639,#1640,#1641,#1642));
#321=EDGE_LOOP('',(#1643,#1644,#1645,#1646,#1647));
#322=EDGE_LOOP('',(#1648,#1649,#1650,#1651));
#323=EDGE_LOOP('',(#1652,#1653,#1654,#1655,#1656));
#324=EDGE_LOOP('',(#1657,#1658,#1659,#1660));
#325=EDGE_LOOP('',(#1661,#1662,#1663,#1664,#1665));
#326=EDGE_LOOP('',(#1666,#1667,#1668,#1669));
#327=EDGE_LOOP('',(#1670,#1671,#1672,#1673,#1674));
#328=EDGE_LOOP('',(#1675,#1676,#1677,#1678));
#329=EDGE_LOOP('',(#1679,#1680,#1681,#1682));
#330=EDGE_LOOP('',(#1683,#1684,#1685,#1686,#1687));
#331=EDGE_LOOP('',(#1688,#1689,#1690,#1691));
#332=EDGE_LOOP('',(#1692,#1693,#1694,#1695));
#333=EDGE_LOOP('',(#1696,#1697,#1698,#1699));
#334=EDGE_LOOP('',(#1700,#1701,#1702,#1703,#1704));
#335=EDGE_LOOP('',(#1705,#1706,#1707,#1708));
#336=EDGE_LOOP('',(#1709,#1710,#1711,#1712,#1713));
#337=EDGE_LOOP('',(#1714,#1715,#1716,#1717));
#338=EDGE_LOOP('',(#1718,#1719,#1720,#1721));
#339=EDGE_LOOP('',(#1722,#1723,#1724,#1725));
#340=EDGE_LOOP('',(#1726,#1727,#1728,#1729));
#341=EDGE_LOOP('',(#1730,#1731,#1732,#1733));
#342=EDGE_LOOP('',(#1734,#1735,#1736,#1737));
#343=EDGE_LOOP('',(#1738,#1739,#1740,#1741,#1742,#1743,#1744,#1745));
#344=EDGE_LOOP('',(#1746));
#345=EDGE_LOOP('',(#1747));
#346=EDGE_LOOP('',(#1748));
#347=EDGE_LOOP('',(#1749));
#348=EDGE_LOOP('',(#1750));
#349=EDGE_LOOP('',(#1751));
#350=EDGE_LOOP('',(#1752));
#351=EDGE_LOOP('',(#1753,#1754,#1755,#1756));
#352=EDGE_LOOP('',(#1757,#1758,#1759,#1760));
#353=EDGE_LOOP('',(#1761,#1762,#1763,#1764));
#354=EDGE_LOOP('',(#1765,#1766,#1767,#1768));
#355=EDGE_LOOP('',(#1769,#1770,#1771,#1772,#1773,#1774,#1775,#1776));
#356=EDGE_LOOP('',(#1777,#1778,#1779,#1780,#1781,#1782,#1783,#1784));
#357=EDGE_LOOP('',(#1785,#1786,#1787,#1788,#1789,#1790,#1791,#1792,#1793,
#1794,#1795));
#358=EDGE_LOOP('',(#1796));
#359=LINE('',#2857,#507);
#360=LINE('',#2864,#508);
#361=LINE('',#2871,#509);
#362=LINE('',#2878,#510);
#363=LINE('',#2885,#511);
#364=LINE('',#2892,#512);
#365=LINE('',#2898,#513);
#366=LINE('',#2905,#514);
#367=LINE('',#2908,#515);
#368=LINE('',#2928,#516);
#369=LINE('',#2929,#517);
#370=LINE('',#2985,#518);
#371=LINE('',#2986,#519);
#372=LINE('',#2989,#520);
#373=LINE('',#2993,#521);
#374=LINE('',#2995,#522);
#375=LINE('',#2997,#523);
#376=LINE('',#2999,#524);
#377=LINE('',#3001,#525);
#378=LINE('',#3002,#526);
#379=LINE('',#3007,#527);
#380=LINE('',#3009,#528);
#381=LINE('',#3013,#529);
#382=LINE('',#3014,#530);
#383=LINE('',#3017,#531);
#384=LINE('',#3020,#532);
#385=LINE('',#3022,#533);
#386=LINE('',#3023,#534);
#387=LINE('',#3026,#535);
#388=LINE('',#3030,#536);
#389=LINE('',#3032,#537);
#390=LINE('',#3034,#538);
#391=LINE('',#3036,#539);
#392=LINE('',#3038,#540);
#393=LINE('',#3040,#541);
#394=LINE('',#3046,#542);
#395=LINE('',#3048,#543);
#396=LINE('',#3052,#544);
#397=LINE('',#3053,#545);
#398=LINE('',#3058,#546);
#399=LINE('',#3062,#547);
#400=LINE('',#3066,#548);
#401=LINE('',#3069,#549);
#402=LINE('',#3075,#550);
#403=LINE('',#3084,#551);
#404=LINE('',#3143,#552);
#405=LINE('',#3144,#553);
#406=LINE('',#3147,#554);
#407=LINE('',#3151,#555);
#408=LINE('',#3152,#556);
#409=LINE('',#3160,#557);
#410=LINE('',#3163,#558);
#411=LINE('',#3166,#559);
#412=LINE('',#3168,#560);
#413=LINE('',#3169,#561);
#414=LINE('',#3171,#562);
#415=LINE('',#3173,#563);
#416=LINE('',#3174,#564);
#417=LINE('',#3177,#565);
#418=LINE('',#3181,#566);
#419=LINE('',#3185,#567);
#420=LINE('',#3189,#568);
#421=LINE('',#3191,#569);
#422=LINE('',#3193,#570);
#423=LINE('',#3197,#571);
#424=LINE('',#3199,#572);
#425=LINE('',#3201,#573);
#426=LINE('',#3205,#574);
#427=LINE('',#3207,#575);
#428=LINE('',#3209,#576);
#429=LINE('',#3213,#577);
#430=LINE('',#3215,#578);
#431=LINE('',#3217,#579);
#432=LINE('',#3221,#580);
#433=LINE('',#3224,#581);
#434=LINE('',#3227,#582);
#435=LINE('',#3228,#583);
#436=LINE('',#3230,#584);
#437=LINE('',#3232,#585);
#438=LINE('',#3233,#586);
#439=LINE('',#3242,#587);
#440=LINE('',#3257,#588);
#441=LINE('',#3258,#589);
#442=LINE('',#3261,#590);
#443=LINE('',#3270,#591);
#444=LINE('',#3271,#592);
#445=LINE('',#3273,#593);
#446=LINE('',#3276,#594);
#447=LINE('',#3279,#595);
#448=LINE('',#3281,#596);
#449=LINE('',#3284,#597);
#450=LINE('',#3287,#598);
#451=LINE('',#3289,#599);
#452=LINE('',#3291,#600);
#453=LINE('',#3301,#601);
#454=LINE('',#3303,#602);
#455=LINE('',#3305,#603);
#456=LINE('',#3315,#604);
#457=LINE('',#3324,#605);
#458=LINE('',#3327,#606);
#459=LINE('',#3330,#607);
#460=LINE('',#3337,#608);
#461=LINE('',#3345,#609);
#462=LINE('',#3347,#610);
#463=LINE('',#3379,#611);
#464=LINE('',#3380,#612);
#465=LINE('',#3381,#613);
#466=LINE('',#3383,#614);
#467=LINE('',#3385,#615);
#468=LINE('',#3387,#616);
#469=LINE('',#3389,#617);
#470=LINE('',#3393,#618);
#471=LINE('',#3395,#619);
#472=LINE('',#3397,#620);
#473=LINE('',#3401,#621);
#474=LINE('',#3403,#622);
#475=LINE('',#3405,#623);
#476=LINE('',#3409,#624);
#477=LINE('',#3410,#625);
#478=LINE('',#3436,#626);
#479=LINE('',#3437,#627);
#480=LINE('',#3463,#628);
#481=LINE('',#3464,#629);
#482=LINE('',#3490,#630);
#483=LINE('',#3491,#631);
#484=LINE('',#3493,#632);
#485=LINE('',#3495,#633);
#486=LINE('',#3498,#634);
#487=LINE('',#3500,#635);
#488=LINE('',#3504,#636);
#489=LINE('',#3506,#637);
#490=LINE('',#3508,#638);
#491=LINE('',#3510,#639);
#492=LINE('',#3520,#640);
#493=LINE('',#3523,#641);
#494=LINE('',#3526,#642);
#495=LINE('',#3528,#643);
#496=LINE('',#3529,#644);
#497=LINE('',#3532,#645);
#498=LINE('',#3536,#646);
#499=LINE('',#3540,#647);
#500=LINE('',#3543,#648);
#501=LINE('',#3544,#649);
#502=LINE('',#3546,#650);
#503=LINE('',#3548,#651);
#504=LINE('',#3552,#652);
#505=LINE('',#3554,#653);
#506=LINE('',#3556,#654);
#507=VECTOR('',#2226,2.083);
#508=VECTOR('',#2235,2.16);
#509=VECTOR('',#2244,2.16);
#510=VECTOR('',#2253,2.16);
#511=VECTOR('',#2262,2.16);
#512=VECTOR('',#2271,3.25);
#513=VECTOR('',#2278,3.25);
#514=VECTOR('',#2285,10.);
#515=VECTOR('',#2288,10.);
#516=VECTOR('',#2311,10.);
#517=VECTOR('',#2312,10.);
#518=VECTOR('',#2343,10.);
#519=VECTOR('',#2344,10.);
#520=VECTOR('',#2347,10.);
#521=VECTOR('',#2350,10.);
#522=VECTOR('',#2351,10.);
#523=VECTOR('',#2352,10.);
#524=VECTOR('',#2353,10.);
#525=VECTOR('',#2354,10.);
#526=VECTOR('',#2355,10.);
#527=VECTOR('',#2358,10.);
#528=VECTOR('',#2359,10.);
#529=VECTOR('',#2362,10.);
#530=VECTOR('',#2363,10.);
#531=VECTOR('',#2366,10.);
#532=VECTOR('',#2371,10.);
#533=VECTOR('',#2372,10.);
#534=VECTOR('',#2373,10.);
#535=VECTOR('',#2376,10.);
#536=VECTOR('',#2381,10.);
#537=VECTOR('',#2382,10.);
#538=VECTOR('',#2383,10.);
#539=VECTOR('',#2384,10.);
#540=VECTOR('',#2385,10.);
#541=VECTOR('',#2386,10.);
#542=VECTOR('',#2391,10.);
#543=VECTOR('',#2392,10.);
#544=VECTOR('',#2395,10.);
#545=VECTOR('',#2396,10.);
#546=VECTOR('',#2401,10.);
#547=VECTOR('',#2404,10.);
#548=VECTOR('',#2407,10.);
#549=VECTOR('',#2410,10.);
#550=VECTOR('',#2417,10.);
#551=VECTOR('',#2430,10.);
#552=VECTOR('',#2469,10.);
#553=VECTOR('',#2470,10.);
#554=VECTOR('',#2473,10.);
#555=VECTOR('',#2478,10.);
#556=VECTOR('',#2479,10.);
#557=VECTOR('',#2488,10.);
#558=VECTOR('',#2491,10.);
#559=VECTOR('',#2494,10.);
#560=VECTOR('',#2495,10.);
#561=VECTOR('',#2496,10.);
#562=VECTOR('',#2497,10.);
#563=VECTOR('',#2498,10.);
#564=VECTOR('',#2499,10.);
#565=VECTOR('',#2502,10.);
#566=VECTOR('',#2505,10.);
#567=VECTOR('',#2508,10.);
#568=VECTOR('',#2511,10.);
#569=VECTOR('',#2512,10.);
#570=VECTOR('',#2513,10.);
#571=VECTOR('',#2516,10.);
#572=VECTOR('',#2517,10.);
#573=VECTOR('',#2518,10.);
#574=VECTOR('',#2521,10.);
#575=VECTOR('',#2522,10.);
#576=VECTOR('',#2523,10.);
#577=VECTOR('',#2526,10.);
#578=VECTOR('',#2527,10.);
#579=VECTOR('',#2528,10.);
#580=VECTOR('',#2533,10.);
#581=VECTOR('',#2536,10.);
#582=VECTOR('',#2539,10.);
#583=VECTOR('',#2540,10.);
#584=VECTOR('',#2541,10.);
#585=VECTOR('',#2542,10.);
#586=VECTOR('',#2543,10.);
#587=VECTOR('',#2554,10.);
#588=VECTOR('',#2575,10.);
#589=VECTOR('',#2576,10.);
#590=VECTOR('',#2579,10.);
#591=VECTOR('',#2592,10.);
#592=VECTOR('',#2593,10.);
#593=VECTOR('',#2596,10.);
#594=VECTOR('',#2599,10.);
#595=VECTOR('',#2604,10.);
#596=VECTOR('',#2607,10.);
#597=VECTOR('',#2610,10.);
#598=VECTOR('',#2615,10.);
#599=VECTOR('',#2618,10.);
#600=VECTOR('',#2621,10.);
#601=VECTOR('',#2636,10.);
#602=VECTOR('',#2639,10.);
#603=VECTOR('',#2642,10.);
#604=VECTOR('',#2657,10.);
#605=VECTOR('',#2670,10.);
#606=VECTOR('',#2675,10.);
#607=VECTOR('',#2680,10.);
#608=VECTOR('',#2691,10.);
#609=VECTOR('',#2704,10.);
#610=VECTOR('',#2707,10.);
#611=VECTOR('',#2720,10.);
#612=VECTOR('',#2721,10.);
#613=VECTOR('',#2722,10.);
#614=VECTOR('',#2725,10.);
#615=VECTOR('',#2726,10.);
#616=VECTOR('',#2727,10.);
#617=VECTOR('',#2728,10.);
#618=VECTOR('',#2731,10.);
#619=VECTOR('',#2732,10.);
#620=VECTOR('',#2733,10.);
#621=VECTOR('',#2736,10.);
#622=VECTOR('',#2737,10.);
#623=VECTOR('',#2738,10.);
#624=VECTOR('',#2741,10.);
#625=VECTOR('',#2742,10.);
#626=VECTOR('',#2749,10.);
#627=VECTOR('',#2750,10.);
#628=VECTOR('',#2757,10.);
#629=VECTOR('',#2758,10.);
#630=VECTOR('',#2765,10.);
#631=VECTOR('',#2766,10.);
#632=VECTOR('',#2769,10.);
#633=VECTOR('',#2772,10.);
#634=VECTOR('',#2777,10.);
#635=VECTOR('',#2780,10.);
#636=VECTOR('',#2787,10.);
#637=VECTOR('',#2790,10.);
#638=VECTOR('',#2793,10.);
#639=VECTOR('',#2796,10.);
#640=VECTOR('',#2809,10.);
#641=VECTOR('',#2812,10.);
#642=VECTOR('',#2815,10.);
#643=VECTOR('',#2816,10.);
#644=VECTOR('',#2817,10.);
#645=VECTOR('',#2820,10.);
#646=VECTOR('',#2823,10.);
#647=VECTOR('',#2826,10.);
#648=VECTOR('',#2831,10.);
#649=VECTOR('',#2832,10.);
#650=VECTOR('',#2835,10.);
#651=VECTOR('',#2838,10.);
#652=VECTOR('',#2843,10.);
#653=VECTOR('',#2846,10.);
#654=VECTOR('',#2849,10.);
#655=CIRCLE('',#1980,2.083);
#656=CIRCLE('',#1981,2.083);
#657=CIRCLE('',#1984,2.16);
#658=CIRCLE('',#1985,2.16);
#659=CIRCLE('',#1988,2.16);
#660=CIRCLE('',#1989,2.16);
#661=CIRCLE('',#1992,2.16);
#662=CIRCLE('',#1993,2.16);
#663=CIRCLE('',#1996,2.16);
#664=CIRCLE('',#1997,2.16);
#665=CIRCLE('',#2000,3.25);
#666=CIRCLE('',#2001,3.25);
#667=CIRCLE('',#2003,3.25);
#668=CIRCLE('',#2004,3.25);
#669=CIRCLE('',#2006,12.);
#670=CIRCLE('',#2007,12.);
#671=CIRCLE('',#2009,12.);
#672=CIRCLE('',#2010,15.);
#673=CIRCLE('',#2011,3.);
#674=CIRCLE('',#2013,12.);
#675=CIRCLE('',#2014,15.);
#676=CIRCLE('',#2015,12.);
#677=CIRCLE('',#2016,3.);
#678=CIRCLE('',#2018,12.);
#679=CIRCLE('',#2020,12.);
#680=CIRCLE('',#2021,15.);
#681=CIRCLE('',#2022,3.);
#682=CIRCLE('',#2024,12.);
#683=CIRCLE('',#2025,3.);
#684=CIRCLE('',#2026,15.);
#685=CIRCLE('',#2028,3.);
#686=CIRCLE('',#2029,12.);
#687=CIRCLE('',#2031,12.);
#688=CIRCLE('',#2032,3.);
#689=CIRCLE('',#2035,6.);
#690=CIRCLE('',#2036,6.);
#691=CIRCLE('',#2037,6.);
#692=CIRCLE('',#2039,3.);
#693=CIRCLE('',#2042,3.);
#694=CIRCLE('',#2044,6.);
#695=CIRCLE('',#2045,6.00000000000001);
#696=CIRCLE('',#2046,6.);
#697=CIRCLE('',#2048,15.);
#698=CIRCLE('',#2049,15.);
#699=CIRCLE('',#2050,3.);
#700=CIRCLE('',#2051,3.);
#701=CIRCLE('',#2053,12.);
#702=CIRCLE('',#2054,12.);
#703=CIRCLE('',#2056,12.);
#704=CIRCLE('',#2057,15.);
#705=CIRCLE('',#2058,3.);
#706=CIRCLE('',#2060,12.);
#707=CIRCLE('',#2062,12.);
#708=CIRCLE('',#2063,3.);
#709=CIRCLE('',#2065,12.);
#710=CIRCLE('',#2067,12.);
#711=CIRCLE('',#2068,3.);
#712=CIRCLE('',#2070,12.);
#713=CIRCLE('',#2071,3.);
#714=CIRCLE('',#2072,15.);
#715=CIRCLE('',#2074,3.);
#716=CIRCLE('',#2075,12.);
#717=CIRCLE('',#2077,12.);
#718=CIRCLE('',#2078,3.);
#719=CIRCLE('',#2086,6.);
#720=CIRCLE('',#2087,6.);
#721=CIRCLE('',#2090,6.);
#722=CIRCLE('',#2091,3.);
#723=CIRCLE('',#2092,3.);
#724=CIRCLE('',#2093,12.);
#725=CIRCLE('',#2094,12.);
#726=CIRCLE('',#2095,12.);
#727=CIRCLE('',#2096,12.);
#728=CIRCLE('',#2098,6.);
#729=CIRCLE('',#2101,3.);
#730=CIRCLE('',#2102,3.);
#731=CIRCLE('',#2103,3.);
#732=CIRCLE('',#2107,3.);
#733=CIRCLE('',#2108,3.);
#734=CIRCLE('',#2109,3.);
#735=CIRCLE('',#2111,3.);
#736=CIRCLE('',#2112,3.);
#737=CIRCLE('',#2113,3.);
#738=CIRCLE('',#2118,3.);
#739=CIRCLE('',#2119,3.);
#740=CIRCLE('',#2120,3.);
#741=CIRCLE('',#2133,3.);
#742=CIRCLE('',#2134,3.);
#743=CIRCLE('',#2136,3.);
#744=CIRCLE('',#2137,3.);
#745=CIRCLE('',#2143,3.);
#746=CIRCLE('',#2144,3.);
#747=CIRCLE('',#2145,3.);
#748=CIRCLE('',#2147,3.);
#749=CIRCLE('',#2149,3.);
#750=CIRCLE('',#2150,3.);
#751=CIRCLE('',#2151,3.);
#752=CIRCLE('',#2153,3.);
#753=CIRCLE('',#2159,3.);
#754=CIRCLE('',#2160,3.);
#755=CIRCLE('',#2161,3.);
#756=CIRCLE('',#2165,3.);
#757=CIRCLE('',#2166,3.);
#758=CIRCLE('',#2167,3.);
#759=CIRCLE('',#2173,13.);
#760=CIRCLE('',#2174,12.);
#761=CIRCLE('',#2177,13.);
#762=CIRCLE('',#2178,13.);
#763=CIRCLE('',#2179,13.);
#764=CIRCLE('',#2181,12.);
#765=CIRCLE('',#2184,12.);
#766=CIRCLE('',#2187,12.);
#767=CIRCLE('',#2205,3.);
#768=CIRCLE('',#2206,3.);
#769=CIRCLE('',#2209,3.);
#770=CIRCLE('',#2210,3.);
#771=CIRCLE('',#2211,3.);
#772=CIRCLE('',#2216,3.);
#773=VERTEX_POINT('',#2854);
#774=VERTEX_POINT('',#2856);
#775=VERTEX_POINT('',#2861);
#776=VERTEX_POINT('',#2863);
#777=VERTEX_POINT('',#2868);
#778=VERTEX_POINT('',#2870);
#779=VERTEX_POINT('',#2875);
#780=VERTEX_POINT('',#2877);
#781=VERTEX_POINT('',#2882);
#782=VERTEX_POINT('',#2884);
#783=VERTEX_POINT('',#2889);
#784=VERTEX_POINT('',#2891);
#785=VERTEX_POINT('',#2895);
#786=VERTEX_POINT('',#2897);
#787=VERTEX_POINT('',#2901);
#788=VERTEX_POINT('',#2902);
#789=VERTEX_POINT('',#2904);
#790=VERTEX_POINT('',#2906);
#791=VERTEX_POINT('',#2910);
#792=VERTEX_POINT('',#2911);
#793=VERTEX_POINT('',#2916);
#794=VERTEX_POINT('',#2917);
#795=VERTEX_POINT('',#2919);
#796=VERTEX_POINT('',#2921);
#797=VERTEX_POINT('',#2925);
#798=VERTEX_POINT('',#2926);
#799=VERTEX_POINT('',#2931);
#800=VERTEX_POINT('',#2932);
#801=VERTEX_POINT('',#2937);
#802=VERTEX_POINT('',#2938);
#803=VERTEX_POINT('',#2943);
#804=VERTEX_POINT('',#2960);
#805=VERTEX_POINT('',#2964);
#806=VERTEX_POINT('',#2981);
#807=VERTEX_POINT('',#2988);
#808=VERTEX_POINT('',#2990);
#809=VERTEX_POINT('',#2992);
#810=VERTEX_POINT('',#2994);
#811=VERTEX_POINT('',#2996);
#812=VERTEX_POINT('',#2998);
#813=VERTEX_POINT('',#3000);
#814=VERTEX_POINT('',#3003);
#815=VERTEX_POINT('',#3004);
#816=VERTEX_POINT('',#3006);
#817=VERTEX_POINT('',#3008);
#818=VERTEX_POINT('',#3010);
#819=VERTEX_POINT('',#3012);
#820=VERTEX_POINT('',#3016);
#821=VERTEX_POINT('',#3021);
#822=VERTEX_POINT('',#3025);
#823=VERTEX_POINT('',#3029);
#824=VERTEX_POINT('',#3031);
#825=VERTEX_POINT('',#3033);
#826=VERTEX_POINT('',#3035);
#827=VERTEX_POINT('',#3037);
#828=VERTEX_POINT('',#3039);
#829=VERTEX_POINT('',#3042);
#830=VERTEX_POINT('',#3043);
#831=VERTEX_POINT('',#3045);
#832=VERTEX_POINT('',#3047);
#833=VERTEX_POINT('',#3049);
#834=VERTEX_POINT('',#3051);
#835=VERTEX_POINT('',#3055);
#836=VERTEX_POINT('',#3057);
#837=VERTEX_POINT('',#3059);
#838=VERTEX_POINT('',#3061);
#839=VERTEX_POINT('',#3063);
#840=VERTEX_POINT('',#3065);
#841=VERTEX_POINT('',#3067);
#842=VERTEX_POINT('',#3071);
#843=VERTEX_POINT('',#3073);
#844=VERTEX_POINT('',#3077);
#845=VERTEX_POINT('',#3082);
#846=VERTEX_POINT('',#3091);
#847=VERTEX_POINT('',#3095);
#848=VERTEX_POINT('',#3096);
#849=VERTEX_POINT('',#3101);
#850=VERTEX_POINT('',#3118);
#851=VERTEX_POINT('',#3122);
#852=VERTEX_POINT('',#3139);
#853=VERTEX_POINT('',#3146);
#854=VERTEX_POINT('',#3150);
#855=VERTEX_POINT('',#3156);
#856=VERTEX_POINT('',#3157);
#857=VERTEX_POINT('',#3159);
#858=VERTEX_POINT('',#3161);
#859=VERTEX_POINT('',#3165);
#860=VERTEX_POINT('',#3167);
#861=VERTEX_POINT('',#3170);
#862=VERTEX_POINT('',#3172);
#863=VERTEX_POINT('',#3176);
#864=VERTEX_POINT('',#3178);
#865=VERTEX_POINT('',#3180);
#866=VERTEX_POINT('',#3182);
#867=VERTEX_POINT('',#3184);
#868=VERTEX_POINT('',#3187);
#869=VERTEX_POINT('',#3188);
#870=VERTEX_POINT('',#3190);
#871=VERTEX_POINT('',#3192);
#872=VERTEX_POINT('',#3194);
#873=VERTEX_POINT('',#3196);
#874=VERTEX_POINT('',#3198);
#875=VERTEX_POINT('',#3200);
#876=VERTEX_POINT('',#3202);
#877=VERTEX_POINT('',#3204);
#878=VERTEX_POINT('',#3206);
#879=VERTEX_POINT('',#3208);
#880=VERTEX_POINT('',#3210);
#881=VERTEX_POINT('',#3212);
#882=VERTEX_POINT('',#3214);
#883=VERTEX_POINT('',#3216);
#884=VERTEX_POINT('',#3220);
#885=VERTEX_POINT('',#3222);
#886=VERTEX_POINT('',#3226);
#887=VERTEX_POINT('',#3229);
#888=VERTEX_POINT('',#3231);
#889=VERTEX_POINT('',#3235);
#890=VERTEX_POINT('',#3237);
#891=VERTEX_POINT('',#3241);
#892=VERTEX_POINT('',#3245);
#893=VERTEX_POINT('',#3247);
#894=VERTEX_POINT('',#3251);
#895=VERTEX_POINT('',#3253);
#896=VERTEX_POINT('',#3260);
#897=VERTEX_POINT('',#3264);
#898=VERTEX_POINT('',#3266);
#899=VERTEX_POINT('',#3275);
#900=VERTEX_POINT('',#3283);
#901=VERTEX_POINT('',#3293);
#902=VERTEX_POINT('',#3297);
#903=VERTEX_POINT('',#3309);
#904=VERTEX_POINT('',#3313);
#905=VERTEX_POINT('',#3317);
#906=VERTEX_POINT('',#3322);
#907=VERTEX_POINT('',#3332);
#908=VERTEX_POINT('',#3341);
#909=VERTEX_POINT('',#3351);
#910=VERTEX_POINT('',#3352);
#911=VERTEX_POINT('',#3363);
#912=VERTEX_POINT('',#3365);
#913=VERTEX_POINT('',#3378);
#914=VERTEX_POINT('',#3384);
#915=VERTEX_POINT('',#3386);
#916=VERTEX_POINT('',#3388);
#917=VERTEX_POINT('',#3390);
#918=VERTEX_POINT('',#3392);
#919=VERTEX_POINT('',#3394);
#920=VERTEX_POINT('',#3396);
#921=VERTEX_POINT('',#3398);
#922=VERTEX_POINT('',#3400);
#923=VERTEX_POINT('',#3402);
#924=VERTEX_POINT('',#3404);
#925=VERTEX_POINT('',#3406);
#926=VERTEX_POINT('',#3408);
#927=VERTEX_POINT('',#3412);
#928=VERTEX_POINT('',#3423);
#929=VERTEX_POINT('',#3439);
#930=VERTEX_POINT('',#3450);
#931=VERTEX_POINT('',#3466);
#932=VERTEX_POINT('',#3477);
#933=VERTEX_POINT('',#3516);
#934=VERTEX_POINT('',#3517);
#935=VERTEX_POINT('',#3519);
#936=VERTEX_POINT('',#3521);
#937=VERTEX_POINT('',#3525);
#938=VERTEX_POINT('',#3527);
#939=VERTEX_POINT('',#3531);
#940=VERTEX_POINT('',#3533);
#941=VERTEX_POINT('',#3535);
#942=VERTEX_POINT('',#3537);
#943=VERTEX_POINT('',#3539);
#944=VERTEX_POINT('',#3550);
#945=EDGE_CURVE('',#773,#773,#655,.T.);
#946=EDGE_CURVE('',#773,#774,#359,.T.);
#947=EDGE_CURVE('',#774,#774,#656,.T.);
#948=EDGE_CURVE('',#775,#775,#657,.T.);
#949=EDGE_CURVE('',#775,#776,#360,.T.);
#950=EDGE_CURVE('',#776,#776,#658,.T.);
#951=EDGE_CURVE('',#777,#777,#659,.T.);
#952=EDGE_CURVE('',#777,#778,#361,.T.);
#953=EDGE_CURVE('',#778,#778,#660,.T.);
#954=EDGE_CURVE('',#779,#779,#661,.T.);
#955=EDGE_CURVE('',#779,#780,#362,.T.);
#956=EDGE_CURVE('',#780,#780,#662,.T.);
#957=EDGE_CURVE('',#781,#781,#663,.T.);
#958=EDGE_CURVE('',#781,#782,#363,.T.);
#959=EDGE_CURVE('',#782,#782,#664,.T.);
#960=EDGE_CURVE('',#783,#783,#665,.T.);
#961=EDGE_CURVE('',#783,#784,#364,.T.);
#962=EDGE_CURVE('',#784,#784,#666,.T.);
#963=EDGE_CURVE('',#785,#785,#667,.T.);
#964=EDGE_CURVE('',#785,#786,#365,.T.);
#965=EDGE_CURVE('',#786,#786,#668,.T.);
#966=EDGE_CURVE('',#787,#788,#669,.T.);
#967=EDGE_CURVE('',#788,#789,#366,.T.);
#968=EDGE_CURVE('',#789,#790,#670,.T.);
#969=EDGE_CURVE('',#790,#787,#367,.T.);
#970=EDGE_CURVE('',#791,#792,#671,.T.);
#971=EDGE_CURVE('',#792,#790,#672,.T.);
#972=EDGE_CURVE('',#789,#791,#673,.T.);
#973=EDGE_CURVE('',#793,#794,#674,.T.);
#974=EDGE_CURVE('',#794,#795,#675,.T.);
#975=EDGE_CURVE('',#796,#795,#676,.T.);
#976=EDGE_CURVE('',#796,#793,#677,.T.);
#977=EDGE_CURVE('',#797,#798,#678,.T.);
#978=EDGE_CURVE('',#798,#794,#368,.T.);
#979=EDGE_CURVE('',#793,#797,#369,.T.);
#980=EDGE_CURVE('',#799,#800,#679,.T.);
#981=EDGE_CURVE('',#800,#798,#680,.T.);
#982=EDGE_CURVE('',#797,#799,#681,.T.);
#983=EDGE_CURVE('',#801,#802,#682,.T.);
#984=EDGE_CURVE('',#802,#788,#683,.T.);
#985=EDGE_CURVE('',#787,#801,#684,.T.);
#986=EDGE_CURVE('',#803,#800,#38,.T.);
#987=EDGE_CURVE('',#799,#804,#685,.T.);
#988=EDGE_CURVE('',#804,#803,#686,.T.);
#989=EDGE_CURVE('',#801,#805,#39,.T.);
#990=EDGE_CURVE('',#805,#806,#687,.T.);
#991=EDGE_CURVE('',#806,#802,#688,.T.);
#992=EDGE_CURVE('',#805,#803,#370,.T.);
#993=EDGE_CURVE('',#804,#806,#371,.T.);
#994=EDGE_CURVE('',#807,#793,#372,.T.);
#995=EDGE_CURVE('',#808,#807,#689,.T.);
#996=EDGE_CURVE('',#809,#808,#373,.T.);
#997=EDGE_CURVE('',#810,#809,#374,.T.);
#998=EDGE_CURVE('',#811,#810,#375,.T.);
#999=EDGE_CURVE('',#812,#811,#376,.T.);
#1000=EDGE_CURVE('',#813,#812,#377,.T.);
#1001=EDGE_CURVE('',#797,#813,#378,.T.);
#1002=EDGE_CURVE('',#814,#815,#690,.T.);
#1003=EDGE_CURVE('',#816,#814,#379,.T.);
#1004=EDGE_CURVE('',#817,#816,#380,.T.);
#1005=EDGE_CURVE('',#818,#817,#691,.T.);
#1006=EDGE_CURVE('',#819,#818,#381,.T.);
#1007=EDGE_CURVE('',#815,#819,#382,.T.);
#1008=EDGE_CURVE('',#796,#820,#383,.T.);
#1009=EDGE_CURVE('',#820,#807,#692,.T.);
#1010=EDGE_CURVE('',#791,#796,#384,.T.);
#1011=EDGE_CURVE('',#821,#791,#385,.T.);
#1012=EDGE_CURVE('',#820,#821,#386,.T.);
#1013=EDGE_CURVE('',#789,#822,#387,.T.);
#1014=EDGE_CURVE('',#822,#821,#693,.T.);
#1015=EDGE_CURVE('',#823,#788,#388,.T.);
#1016=EDGE_CURVE('',#824,#823,#389,.T.);
#1017=EDGE_CURVE('',#825,#824,#390,.T.);
#1018=EDGE_CURVE('',#826,#825,#391,.T.);
#1019=EDGE_CURVE('',#827,#826,#392,.T.);
#1020=EDGE_CURVE('',#828,#827,#393,.T.);
#1021=EDGE_CURVE('',#822,#828,#694,.T.);
#1022=EDGE_CURVE('',#829,#830,#695,.T.);
#1023=EDGE_CURVE('',#831,#829,#394,.T.);
#1024=EDGE_CURVE('',#832,#831,#395,.T.);
#1025=EDGE_CURVE('',#833,#832,#696,.T.);
#1026=EDGE_CURVE('',#834,#833,#396,.T.);
#1027=EDGE_CURVE('',#830,#834,#397,.T.);
#1028=EDGE_CURVE('',#835,#792,#697,.T.);
#1029=EDGE_CURVE('',#836,#835,#398,.T.);
#1030=EDGE_CURVE('',#837,#836,#698,.T.);
#1031=EDGE_CURVE('',#837,#838,#399,.T.);
#1032=EDGE_CURVE('',#839,#838,#699,.T.);
#1033=EDGE_CURVE('',#839,#840,#400,.T.);
#1034=EDGE_CURVE('',#841,#840,#700,.T.);
#1035=EDGE_CURVE('',#841,#801,#401,.T.);
#1036=EDGE_CURVE('',#842,#811,#701,.T.);
#1037=EDGE_CURVE('',#810,#843,#702,.T.);
#1038=EDGE_CURVE('',#843,#842,#402,.T.);
#1039=EDGE_CURVE('',#844,#795,#703,.T.);
#1040=EDGE_CURVE('',#795,#843,#704,.T.);
#1041=EDGE_CURVE('',#810,#844,#705,.T.);
#1042=EDGE_CURVE('',#845,#792,#706,.T.);
#1043=EDGE_CURVE('',#844,#845,#403,.T.);
#1044=EDGE_CURVE('',#826,#835,#707,.T.);
#1045=EDGE_CURVE('',#845,#826,#708,.T.);
#1046=EDGE_CURVE('',#825,#836,#709,.T.);
#1047=EDGE_CURVE('',#846,#837,#710,.T.);
#1048=EDGE_CURVE('',#825,#846,#711,.T.);
#1049=EDGE_CURVE('',#847,#848,#712,.T.);
#1050=EDGE_CURVE('',#848,#811,#713,.T.);
#1051=EDGE_CURVE('',#842,#847,#714,.T.);
#1052=EDGE_CURVE('',#849,#837,#40,.T.);
#1053=EDGE_CURVE('',#846,#850,#715,.T.);
#1054=EDGE_CURVE('',#850,#849,#716,.T.);
#1055=EDGE_CURVE('',#847,#851,#41,.T.);
#1056=EDGE_CURVE('',#851,#852,#717,.T.);
#1057=EDGE_CURVE('',#852,#848,#718,.T.);
#1058=EDGE_CURVE('',#851,#849,#404,.T.);
#1059=EDGE_CURVE('',#850,#852,#405,.T.);
#1060=EDGE_CURVE('',#845,#853,#406,.T.);
#1061=EDGE_CURVE('',#827,#853,#19,.T.);
#1062=EDGE_CURVE('',#854,#844,#407,.T.);
#1063=EDGE_CURVE('',#854,#853,#408,.T.);
#1064=EDGE_CURVE('',#809,#854,#20,.T.);
#1065=EDGE_CURVE('',#855,#856,#719,.T.);
#1066=EDGE_CURVE('',#856,#857,#409,.T.);
#1067=EDGE_CURVE('',#857,#858,#720,.T.);
#1068=EDGE_CURVE('',#858,#855,#410,.T.);
#1069=EDGE_CURVE('',#859,#804,#411,.T.);
#1070=EDGE_CURVE('',#860,#859,#412,.T.);
#1071=EDGE_CURVE('',#857,#860,#413,.T.);
#1072=EDGE_CURVE('',#861,#856,#414,.T.);
#1073=EDGE_CURVE('',#862,#861,#415,.T.);
#1074=EDGE_CURVE('',#806,#862,#416,.T.);
#1075=EDGE_CURVE('',#855,#863,#417,.T.);
#1076=EDGE_CURVE('',#864,#863,#721,.T.);
#1077=EDGE_CURVE('',#864,#865,#418,.T.);
#1078=EDGE_CURVE('',#866,#865,#722,.F.);
#1079=EDGE_CURVE('',#867,#866,#419,.T.);
#1080=EDGE_CURVE('',#861,#867,#723,.F.);
#1081=EDGE_CURVE('',#868,#869,#420,.T.);
#1082=EDGE_CURVE('',#869,#870,#421,.T.);
#1083=EDGE_CURVE('',#870,#871,#422,.T.);
#1084=EDGE_CURVE('',#871,#872,#724,.T.);
#1085=EDGE_CURVE('',#872,#873,#423,.T.);
#1086=EDGE_CURVE('',#873,#874,#424,.T.);
#1087=EDGE_CURVE('',#874,#875,#425,.T.);
#1088=EDGE_CURVE('',#875,#876,#725,.T.);
#1089=EDGE_CURVE('',#876,#877,#426,.T.);
#1090=EDGE_CURVE('',#877,#878,#427,.T.);
#1091=EDGE_CURVE('',#878,#879,#428,.T.);
#1092=EDGE_CURVE('',#879,#880,#726,.T.);
#1093=EDGE_CURVE('',#880,#881,#429,.T.);
#1094=EDGE_CURVE('',#881,#882,#430,.T.);
#1095=EDGE_CURVE('',#882,#883,#431,.T.);
#1096=EDGE_CURVE('',#883,#868,#727,.T.);
#1097=EDGE_CURVE('',#863,#884,#432,.T.);
#1098=EDGE_CURVE('',#884,#885,#728,.T.);
#1099=EDGE_CURVE('',#885,#864,#433,.T.);
#1100=EDGE_CURVE('',#886,#850,#434,.T.);
#1101=EDGE_CURVE('',#865,#886,#435,.T.);
#1102=EDGE_CURVE('',#887,#885,#436,.T.);
#1103=EDGE_CURVE('',#888,#887,#437,.T.);
#1104=EDGE_CURVE('',#852,#888,#438,.T.);
#1105=EDGE_CURVE('',#889,#832,#729,.T.);
#1106=EDGE_CURVE('',#890,#889,#730,.F.);
#1107=EDGE_CURVE('',#833,#890,#731,.T.);
#1108=EDGE_CURVE('',#891,#889,#439,.T.);
#1109=EDGE_CURVE('',#831,#891,#21,.T.);
#1110=EDGE_CURVE('',#892,#830,#732,.T.);
#1111=EDGE_CURVE('',#893,#892,#733,.F.);
#1112=EDGE_CURVE('',#829,#893,#734,.T.);
#1113=EDGE_CURVE('',#894,#817,#735,.T.);
#1114=EDGE_CURVE('',#895,#894,#736,.F.);
#1115=EDGE_CURVE('',#818,#895,#737,.T.);
#1116=EDGE_CURVE('',#894,#890,#440,.T.);
#1117=EDGE_CURVE('',#889,#895,#441,.T.);
#1118=EDGE_CURVE('',#896,#894,#442,.T.);
#1119=EDGE_CURVE('',#816,#896,#22,.T.);
#1120=EDGE_CURVE('',#897,#815,#738,.T.);
#1121=EDGE_CURVE('',#898,#897,#739,.F.);
#1122=EDGE_CURVE('',#814,#898,#740,.T.);
#1123=EDGE_CURVE('',#892,#898,#443,.T.);
#1124=EDGE_CURVE('',#897,#893,#444,.T.);
#1125=EDGE_CURVE('',#898,#896,#445,.T.);
#1126=EDGE_CURVE('',#899,#897,#446,.T.);
#1127=EDGE_CURVE('',#819,#899,#23,.T.);
#1128=EDGE_CURVE('',#895,#899,#447,.T.);
#1129=EDGE_CURVE('',#893,#891,#448,.T.);
#1130=EDGE_CURVE('',#900,#892,#449,.T.);
#1131=EDGE_CURVE('',#834,#900,#24,.T.);
#1132=EDGE_CURVE('',#890,#900,#450,.T.);
#1133=EDGE_CURVE('',#899,#891,#451,.T.);
#1134=EDGE_CURVE('',#896,#900,#452,.T.);
#1135=EDGE_CURVE('',#901,#828,#741,.T.);
#1136=EDGE_CURVE('',#821,#901,#742,.F.);
#1137=EDGE_CURVE('',#902,#820,#743,.F.);
#1138=EDGE_CURVE('',#808,#902,#744,.T.);
#1139=EDGE_CURVE('',#901,#902,#453,.T.);
#1140=EDGE_CURVE('',#902,#854,#454,.T.);
#1141=EDGE_CURVE('',#853,#901,#455,.T.);
#1142=EDGE_CURVE('',#888,#812,#745,.F.);
#1143=EDGE_CURVE('',#903,#888,#746,.F.);
#1144=EDGE_CURVE('',#812,#903,#747,.F.);
#1145=EDGE_CURVE('',#887,#904,#748,.F.);
#1146=EDGE_CURVE('',#904,#903,#456,.T.);
#1147=EDGE_CURVE('',#905,#813,#749,.F.);
#1148=EDGE_CURVE('',#859,#905,#750,.F.);
#1149=EDGE_CURVE('',#813,#859,#751,.F.);
#1150=EDGE_CURVE('',#906,#860,#752,.F.);
#1151=EDGE_CURVE('',#905,#906,#457,.T.);
#1152=EDGE_CURVE('',#903,#905,#458,.T.);
#1153=EDGE_CURVE('',#904,#906,#459,.T.);
#1154=EDGE_CURVE('',#907,#824,#753,.F.);
#1155=EDGE_CURVE('',#886,#907,#754,.F.);
#1156=EDGE_CURVE('',#824,#886,#755,.F.);
#1157=EDGE_CURVE('',#907,#866,#460,.T.);
#1158=EDGE_CURVE('',#862,#823,#756,.F.);
#1159=EDGE_CURVE('',#908,#862,#757,.F.);
#1160=EDGE_CURVE('',#823,#908,#758,.F.);
#1161=EDGE_CURVE('',#867,#908,#461,.T.);
#1162=EDGE_CURVE('',#908,#907,#462,.T.);
#1163=EDGE_CURVE('',#909,#910,#42,.T.);
#1164=EDGE_CURVE('',#910,#911,#759,.T.);
#1165=EDGE_CURVE('',#911,#912,#43,.T.);
#1166=EDGE_CURVE('',#912,#909,#760,.T.);
#1167=EDGE_CURVE('',#913,#911,#463,.T.);
#1168=EDGE_CURVE('',#913,#869,#464,.T.);
#1169=EDGE_CURVE('',#912,#868,#465,.T.);
#1170=EDGE_CURVE('',#884,#858,#466,.T.);
#1171=EDGE_CURVE('',#910,#914,#467,.T.);
#1172=EDGE_CURVE('',#914,#915,#468,.T.);
#1173=EDGE_CURVE('',#915,#916,#469,.T.);
#1174=EDGE_CURVE('',#917,#916,#761,.T.);
#1175=EDGE_CURVE('',#917,#918,#470,.T.);
#1176=EDGE_CURVE('',#918,#919,#471,.T.);
#1177=EDGE_CURVE('',#919,#920,#472,.T.);
#1178=EDGE_CURVE('',#921,#920,#762,.T.);
#1179=EDGE_CURVE('',#921,#922,#473,.T.);
#1180=EDGE_CURVE('',#922,#923,#474,.T.);
#1181=EDGE_CURVE('',#923,#924,#475,.T.);
#1182=EDGE_CURVE('',#925,#924,#763,.T.);
#1183=EDGE_CURVE('',#925,#926,#476,.T.);
#1184=EDGE_CURVE('',#926,#913,#477,.T.);
#1185=EDGE_CURVE('',#927,#925,#44,.T.);
#1186=EDGE_CURVE('',#924,#928,#45,.T.);
#1187=EDGE_CURVE('',#928,#927,#764,.T.);
#1188=EDGE_CURVE('',#923,#873,#478,.T.);
#1189=EDGE_CURVE('',#928,#872,#479,.T.);
#1190=EDGE_CURVE('',#929,#921,#46,.T.);
#1191=EDGE_CURVE('',#920,#930,#47,.T.);
#1192=EDGE_CURVE('',#930,#929,#765,.T.);
#1193=EDGE_CURVE('',#919,#877,#480,.T.);
#1194=EDGE_CURVE('',#930,#876,#481,.T.);
#1195=EDGE_CURVE('',#931,#917,#48,.T.);
#1196=EDGE_CURVE('',#916,#932,#49,.T.);
#1197=EDGE_CURVE('',#932,#931,#766,.T.);
#1198=EDGE_CURVE('',#931,#879,#482,.T.);
#1199=EDGE_CURVE('',#918,#878,#483,.T.);
#1200=EDGE_CURVE('',#926,#870,#484,.T.);
#1201=EDGE_CURVE('',#927,#871,#485,.T.);
#1202=EDGE_CURVE('',#922,#874,#486,.T.);
#1203=EDGE_CURVE('',#929,#875,#487,.T.);
#1204=EDGE_CURVE('',#932,#880,#488,.T.);
#1205=EDGE_CURVE('',#915,#881,#489,.T.);
#1206=EDGE_CURVE('',#914,#882,#490,.T.);
#1207=EDGE_CURVE('',#909,#883,#491,.T.);
#1208=EDGE_CURVE('',#933,#934,#767,.T.);
#1209=EDGE_CURVE('',#934,#935,#492,.T.);
#1210=EDGE_CURVE('',#935,#936,#768,.T.);
#1211=EDGE_CURVE('',#936,#933,#493,.T.);
#1212=EDGE_CURVE('',#937,#936,#494,.T.);
#1213=EDGE_CURVE('',#938,#937,#495,.T.);
#1214=EDGE_CURVE('',#933,#938,#496,.T.);
#1215=EDGE_CURVE('',#935,#939,#497,.T.);
#1216=EDGE_CURVE('',#940,#939,#769,.T.);
#1217=EDGE_CURVE('',#940,#941,#498,.T.);
#1218=EDGE_CURVE('',#942,#941,#770,.T.);
#1219=EDGE_CURVE('',#942,#943,#499,.T.);
#1220=EDGE_CURVE('',#937,#943,#771,.T.);
#1221=EDGE_CURVE('',#840,#940,#500,.T.);
#1222=EDGE_CURVE('',#939,#841,#501,.T.);
#1223=EDGE_CURVE('',#941,#839,#502,.T.);
#1224=EDGE_CURVE('',#838,#942,#503,.T.);
#1225=EDGE_CURVE('',#944,#938,#772,.T.);
#1226=EDGE_CURVE('',#943,#944,#504,.T.);
#1227=EDGE_CURVE('',#944,#847,#505,.T.);
#1228=EDGE_CURVE('',#800,#934,#506,.T.);
#1229=ORIENTED_EDGE('',*,*,#945,.F.);
#1230=ORIENTED_EDGE('',*,*,#946,.T.);
#1231=ORIENTED_EDGE('',*,*,#947,.F.);
#1232=ORIENTED_EDGE('',*,*,#946,.F.);
#1233=ORIENTED_EDGE('',*,*,#945,.T.);
#1234=ORIENTED_EDGE('',*,*,#948,.F.);
#1235=ORIENTED_EDGE('',*,*,#949,.T.);
#1236=ORIENTED_EDGE('',*,*,#950,.F.);
#1237=ORIENTED_EDGE('',*,*,#949,.F.);
#1238=ORIENTED_EDGE('',*,*,#948,.T.);
#1239=ORIENTED_EDGE('',*,*,#951,.F.);
#1240=ORIENTED_EDGE('',*,*,#952,.T.);
#1241=ORIENTED_EDGE('',*,*,#953,.F.);
#1242=ORIENTED_EDGE('',*,*,#952,.F.);
#1243=ORIENTED_EDGE('',*,*,#951,.T.);
#1244=ORIENTED_EDGE('',*,*,#954,.F.);
#1245=ORIENTED_EDGE('',*,*,#955,.T.);
#1246=ORIENTED_EDGE('',*,*,#956,.F.);
#1247=ORIENTED_EDGE('',*,*,#955,.F.);
#1248=ORIENTED_EDGE('',*,*,#954,.T.);
#1249=ORIENTED_EDGE('',*,*,#957,.F.);
#1250=ORIENTED_EDGE('',*,*,#958,.T.);
#1251=ORIENTED_EDGE('',*,*,#959,.F.);
#1252=ORIENTED_EDGE('',*,*,#958,.F.);
#1253=ORIENTED_EDGE('',*,*,#957,.T.);
#1254=ORIENTED_EDGE('',*,*,#960,.F.);
#1255=ORIENTED_EDGE('',*,*,#961,.T.);
#1256=ORIENTED_EDGE('',*,*,#962,.F.);
#1257=ORIENTED_EDGE('',*,*,#961,.F.);
#1258=ORIENTED_EDGE('',*,*,#963,.F.);
#1259=ORIENTED_EDGE('',*,*,#964,.T.);
#1260=ORIENTED_EDGE('',*,*,#965,.F.);
#1261=ORIENTED_EDGE('',*,*,#964,.F.);
#1262=ORIENTED_EDGE('',*,*,#966,.T.);
#1263=ORIENTED_EDGE('',*,*,#967,.T.);
#1264=ORIENTED_EDGE('',*,*,#968,.T.);
#1265=ORIENTED_EDGE('',*,*,#969,.T.);
#1266=ORIENTED_EDGE('',*,*,#970,.T.);
#1267=ORIENTED_EDGE('',*,*,#971,.T.);
#1268=ORIENTED_EDGE('',*,*,#968,.F.);
#1269=ORIENTED_EDGE('',*,*,#972,.T.);
#1270=ORIENTED_EDGE('',*,*,#973,.T.);
#1271=ORIENTED_EDGE('',*,*,#974,.T.);
#1272=ORIENTED_EDGE('',*,*,#975,.F.);
#1273=ORIENTED_EDGE('',*,*,#976,.T.);
#1274=ORIENTED_EDGE('',*,*,#977,.T.);
#1275=ORIENTED_EDGE('',*,*,#978,.T.);
#1276=ORIENTED_EDGE('',*,*,#973,.F.);
#1277=ORIENTED_EDGE('',*,*,#979,.T.);
#1278=ORIENTED_EDGE('',*,*,#980,.T.);
#1279=ORIENTED_EDGE('',*,*,#981,.T.);
#1280=ORIENTED_EDGE('',*,*,#977,.F.);
#1281=ORIENTED_EDGE('',*,*,#982,.T.);
#1282=ORIENTED_EDGE('',*,*,#983,.T.);
#1283=ORIENTED_EDGE('',*,*,#984,.T.);
#1284=ORIENTED_EDGE('',*,*,#966,.F.);
#1285=ORIENTED_EDGE('',*,*,#985,.T.);
#1286=ORIENTED_EDGE('',*,*,#986,.T.);
#1287=ORIENTED_EDGE('',*,*,#980,.F.);
#1288=ORIENTED_EDGE('',*,*,#987,.T.);
#1289=ORIENTED_EDGE('',*,*,#988,.T.);
#1290=ORIENTED_EDGE('',*,*,#989,.T.);
#1291=ORIENTED_EDGE('',*,*,#990,.T.);
#1292=ORIENTED_EDGE('',*,*,#991,.T.);
#1293=ORIENTED_EDGE('',*,*,#983,.F.);
#1294=ORIENTED_EDGE('',*,*,#992,.T.);
#1295=ORIENTED_EDGE('',*,*,#988,.F.);
#1296=ORIENTED_EDGE('',*,*,#993,.T.);
#1297=ORIENTED_EDGE('',*,*,#990,.F.);
#1298=ORIENTED_EDGE('',*,*,#979,.F.);
#1299=ORIENTED_EDGE('',*,*,#994,.F.);
#1300=ORIENTED_EDGE('',*,*,#995,.F.);
#1301=ORIENTED_EDGE('',*,*,#996,.F.);
#1302=ORIENTED_EDGE('',*,*,#997,.F.);
#1303=ORIENTED_EDGE('',*,*,#998,.F.);
#1304=ORIENTED_EDGE('',*,*,#999,.F.);
#1305=ORIENTED_EDGE('',*,*,#1000,.F.);
#1306=ORIENTED_EDGE('',*,*,#1001,.F.);
#1307=ORIENTED_EDGE('',*,*,#1002,.F.);
#1308=ORIENTED_EDGE('',*,*,#1003,.F.);
#1309=ORIENTED_EDGE('',*,*,#1004,.F.);
#1310=ORIENTED_EDGE('',*,*,#1005,.F.);
#1311=ORIENTED_EDGE('',*,*,#1006,.F.);
#1312=ORIENTED_EDGE('',*,*,#1007,.F.);
#1313=ORIENTED_EDGE('',*,*,#976,.F.);
#1314=ORIENTED_EDGE('',*,*,#1008,.T.);
#1315=ORIENTED_EDGE('',*,*,#1009,.T.);
#1316=ORIENTED_EDGE('',*,*,#994,.T.);
#1317=ORIENTED_EDGE('',*,*,#1010,.F.);
#1318=ORIENTED_EDGE('',*,*,#1011,.F.);
#1319=ORIENTED_EDGE('',*,*,#1012,.F.);
#1320=ORIENTED_EDGE('',*,*,#1008,.F.);
#1321=ORIENTED_EDGE('',*,*,#972,.F.);
#1322=ORIENTED_EDGE('',*,*,#1013,.T.);
#1323=ORIENTED_EDGE('',*,*,#1014,.T.);
#1324=ORIENTED_EDGE('',*,*,#1011,.T.);
#1325=ORIENTED_EDGE('',*,*,#967,.F.);
#1326=ORIENTED_EDGE('',*,*,#1015,.F.);
#1327=ORIENTED_EDGE('',*,*,#1016,.F.);
#1328=ORIENTED_EDGE('',*,*,#1017,.F.);
#1329=ORIENTED_EDGE('',*,*,#1018,.F.);
#1330=ORIENTED_EDGE('',*,*,#1019,.F.);
#1331=ORIENTED_EDGE('',*,*,#1020,.F.);
#1332=ORIENTED_EDGE('',*,*,#1021,.F.);
#1333=ORIENTED_EDGE('',*,*,#1013,.F.);
#1334=ORIENTED_EDGE('',*,*,#1022,.F.);
#1335=ORIENTED_EDGE('',*,*,#1023,.F.);
#1336=ORIENTED_EDGE('',*,*,#1024,.F.);
#1337=ORIENTED_EDGE('',*,*,#1025,.F.);
#1338=ORIENTED_EDGE('',*,*,#1026,.F.);
#1339=ORIENTED_EDGE('',*,*,#1027,.F.);
#1340=ORIENTED_EDGE('',*,*,#985,.F.);
#1341=ORIENTED_EDGE('',*,*,#969,.F.);
#1342=ORIENTED_EDGE('',*,*,#971,.F.);
#1343=ORIENTED_EDGE('',*,*,#1028,.F.);
#1344=ORIENTED_EDGE('',*,*,#1029,.F.);
#1345=ORIENTED_EDGE('',*,*,#1030,.F.);
#1346=ORIENTED_EDGE('',*,*,#1031,.T.);
#1347=ORIENTED_EDGE('',*,*,#1032,.F.);
#1348=ORIENTED_EDGE('',*,*,#1033,.T.);
#1349=ORIENTED_EDGE('',*,*,#1034,.F.);
#1350=ORIENTED_EDGE('',*,*,#1035,.T.);
#1351=ORIENTED_EDGE('',*,*,#960,.T.);
#1352=ORIENTED_EDGE('',*,*,#1036,.T.);
#1353=ORIENTED_EDGE('',*,*,#998,.T.);
#1354=ORIENTED_EDGE('',*,*,#1037,.T.);
#1355=ORIENTED_EDGE('',*,*,#1038,.T.);
#1356=ORIENTED_EDGE('',*,*,#1039,.T.);
#1357=ORIENTED_EDGE('',*,*,#1040,.T.);
#1358=ORIENTED_EDGE('',*,*,#1037,.F.);
#1359=ORIENTED_EDGE('',*,*,#1041,.T.);
#1360=ORIENTED_EDGE('',*,*,#1042,.T.);
#1361=ORIENTED_EDGE('',*,*,#970,.F.);
#1362=ORIENTED_EDGE('',*,*,#1010,.T.);
#1363=ORIENTED_EDGE('',*,*,#975,.T.);
#1364=ORIENTED_EDGE('',*,*,#1039,.F.);
#1365=ORIENTED_EDGE('',*,*,#1043,.T.);
#1366=ORIENTED_EDGE('',*,*,#1044,.T.);
#1367=ORIENTED_EDGE('',*,*,#1028,.T.);
#1368=ORIENTED_EDGE('',*,*,#1042,.F.);
#1369=ORIENTED_EDGE('',*,*,#1045,.T.);
#1370=ORIENTED_EDGE('',*,*,#1046,.T.);
#1371=ORIENTED_EDGE('',*,*,#1029,.T.);
#1372=ORIENTED_EDGE('',*,*,#1044,.F.);
#1373=ORIENTED_EDGE('',*,*,#1018,.T.);
#1374=ORIENTED_EDGE('',*,*,#1047,.T.);
#1375=ORIENTED_EDGE('',*,*,#1030,.T.);
#1376=ORIENTED_EDGE('',*,*,#1046,.F.);
#1377=ORIENTED_EDGE('',*,*,#1048,.T.);
#1378=ORIENTED_EDGE('',*,*,#1049,.T.);
#1379=ORIENTED_EDGE('',*,*,#1050,.T.);
#1380=ORIENTED_EDGE('',*,*,#1036,.F.);
#1381=ORIENTED_EDGE('',*,*,#1051,.T.);
#1382=ORIENTED_EDGE('',*,*,#1052,.T.);
#1383=ORIENTED_EDGE('',*,*,#1047,.F.);
#1384=ORIENTED_EDGE('',*,*,#1053,.T.);
#1385=ORIENTED_EDGE('',*,*,#1054,.T.);
#1386=ORIENTED_EDGE('',*,*,#1055,.T.);
#1387=ORIENTED_EDGE('',*,*,#1056,.T.);
#1388=ORIENTED_EDGE('',*,*,#1057,.T.);
#1389=ORIENTED_EDGE('',*,*,#1049,.F.);
#1390=ORIENTED_EDGE('',*,*,#1058,.T.);
#1391=ORIENTED_EDGE('',*,*,#1054,.F.);
#1392=ORIENTED_EDGE('',*,*,#1059,.T.);
#1393=ORIENTED_EDGE('',*,*,#1056,.F.);
#1394=ORIENTED_EDGE('',*,*,#1045,.F.);
#1395=ORIENTED_EDGE('',*,*,#1060,.T.);
#1396=ORIENTED_EDGE('',*,*,#1061,.F.);
#1397=ORIENTED_EDGE('',*,*,#1019,.T.);
#1398=ORIENTED_EDGE('',*,*,#1043,.F.);
#1399=ORIENTED_EDGE('',*,*,#1062,.F.);
#1400=ORIENTED_EDGE('',*,*,#1063,.T.);
#1401=ORIENTED_EDGE('',*,*,#1060,.F.);
#1402=ORIENTED_EDGE('',*,*,#1041,.F.);
#1403=ORIENTED_EDGE('',*,*,#997,.T.);
#1404=ORIENTED_EDGE('',*,*,#1064,.T.);
#1405=ORIENTED_EDGE('',*,*,#1062,.T.);
#1406=ORIENTED_EDGE('',*,*,#1065,.T.);
#1407=ORIENTED_EDGE('',*,*,#1066,.T.);
#1408=ORIENTED_EDGE('',*,*,#1067,.T.);
#1409=ORIENTED_EDGE('',*,*,#1068,.T.);
#1410=ORIENTED_EDGE('',*,*,#993,.F.);
#1411=ORIENTED_EDGE('',*,*,#1069,.F.);
#1412=ORIENTED_EDGE('',*,*,#1070,.F.);
#1413=ORIENTED_EDGE('',*,*,#1071,.F.);
#1414=ORIENTED_EDGE('',*,*,#1066,.F.);
#1415=ORIENTED_EDGE('',*,*,#1072,.F.);
#1416=ORIENTED_EDGE('',*,*,#1073,.F.);
#1417=ORIENTED_EDGE('',*,*,#1074,.F.);
#1418=ORIENTED_EDGE('',*,*,#1065,.F.);
#1419=ORIENTED_EDGE('',*,*,#1075,.T.);
#1420=ORIENTED_EDGE('',*,*,#1076,.F.);
#1421=ORIENTED_EDGE('',*,*,#1077,.T.);
#1422=ORIENTED_EDGE('',*,*,#1078,.F.);
#1423=ORIENTED_EDGE('',*,*,#1079,.F.);
#1424=ORIENTED_EDGE('',*,*,#1080,.F.);
#1425=ORIENTED_EDGE('',*,*,#1072,.T.);
#1426=ORIENTED_EDGE('',*,*,#1081,.T.);
#1427=ORIENTED_EDGE('',*,*,#1082,.T.);
#1428=ORIENTED_EDGE('',*,*,#1083,.T.);
#1429=ORIENTED_EDGE('',*,*,#1084,.T.);
#1430=ORIENTED_EDGE('',*,*,#1085,.T.);
#1431=ORIENTED_EDGE('',*,*,#1086,.T.);
#1432=ORIENTED_EDGE('',*,*,#1087,.T.);
#1433=ORIENTED_EDGE('',*,*,#1088,.T.);
#1434=ORIENTED_EDGE('',*,*,#1089,.T.);
#1435=ORIENTED_EDGE('',*,*,#1090,.T.);
#1436=ORIENTED_EDGE('',*,*,#1091,.T.);
#1437=ORIENTED_EDGE('',*,*,#1092,.T.);
#1438=ORIENTED_EDGE('',*,*,#1093,.T.);
#1439=ORIENTED_EDGE('',*,*,#1094,.T.);
#1440=ORIENTED_EDGE('',*,*,#1095,.T.);
#1441=ORIENTED_EDGE('',*,*,#1096,.T.);
#1442=ORIENTED_EDGE('',*,*,#1076,.T.);
#1443=ORIENTED_EDGE('',*,*,#1097,.T.);
#1444=ORIENTED_EDGE('',*,*,#1098,.T.);
#1445=ORIENTED_EDGE('',*,*,#1099,.T.);
#1446=ORIENTED_EDGE('',*,*,#1059,.F.);
#1447=ORIENTED_EDGE('',*,*,#1100,.F.);
#1448=ORIENTED_EDGE('',*,*,#1101,.F.);
#1449=ORIENTED_EDGE('',*,*,#1077,.F.);
#1450=ORIENTED_EDGE('',*,*,#1099,.F.);
#1451=ORIENTED_EDGE('',*,*,#1102,.F.);
#1452=ORIENTED_EDGE('',*,*,#1103,.F.);
#1453=ORIENTED_EDGE('',*,*,#1104,.F.);
#1454=ORIENTED_EDGE('',*,*,#1105,.F.);
#1455=ORIENTED_EDGE('',*,*,#1106,.F.);
#1456=ORIENTED_EDGE('',*,*,#1107,.F.);
#1457=ORIENTED_EDGE('',*,*,#1025,.T.);
#1458=ORIENTED_EDGE('',*,*,#1108,.T.);
#1459=ORIENTED_EDGE('',*,*,#1105,.T.);
#1460=ORIENTED_EDGE('',*,*,#1024,.T.);
#1461=ORIENTED_EDGE('',*,*,#1109,.T.);
#1462=ORIENTED_EDGE('',*,*,#1110,.F.);
#1463=ORIENTED_EDGE('',*,*,#1111,.F.);
#1464=ORIENTED_EDGE('',*,*,#1112,.F.);
#1465=ORIENTED_EDGE('',*,*,#1022,.T.);
#1466=ORIENTED_EDGE('',*,*,#1113,.F.);
#1467=ORIENTED_EDGE('',*,*,#1114,.F.);
#1468=ORIENTED_EDGE('',*,*,#1115,.F.);
#1469=ORIENTED_EDGE('',*,*,#1005,.T.);
#1470=ORIENTED_EDGE('',*,*,#1114,.T.);
#1471=ORIENTED_EDGE('',*,*,#1116,.T.);
#1472=ORIENTED_EDGE('',*,*,#1106,.T.);
#1473=ORIENTED_EDGE('',*,*,#1117,.T.);
#1474=ORIENTED_EDGE('',*,*,#1118,.T.);
#1475=ORIENTED_EDGE('',*,*,#1113,.T.);
#1476=ORIENTED_EDGE('',*,*,#1004,.T.);
#1477=ORIENTED_EDGE('',*,*,#1119,.T.);
#1478=ORIENTED_EDGE('',*,*,#1120,.F.);
#1479=ORIENTED_EDGE('',*,*,#1121,.F.);
#1480=ORIENTED_EDGE('',*,*,#1122,.F.);
#1481=ORIENTED_EDGE('',*,*,#1002,.T.);
#1482=ORIENTED_EDGE('',*,*,#1111,.T.);
#1483=ORIENTED_EDGE('',*,*,#1123,.T.);
#1484=ORIENTED_EDGE('',*,*,#1121,.T.);
#1485=ORIENTED_EDGE('',*,*,#1124,.T.);
#1486=ORIENTED_EDGE('',*,*,#1003,.T.);
#1487=ORIENTED_EDGE('',*,*,#1122,.T.);
#1488=ORIENTED_EDGE('',*,*,#1125,.T.);
#1489=ORIENTED_EDGE('',*,*,#1119,.F.);
#1490=ORIENTED_EDGE('',*,*,#1126,.T.);
#1491=ORIENTED_EDGE('',*,*,#1120,.T.);
#1492=ORIENTED_EDGE('',*,*,#1007,.T.);
#1493=ORIENTED_EDGE('',*,*,#1127,.T.);
#1494=ORIENTED_EDGE('',*,*,#1006,.T.);
#1495=ORIENTED_EDGE('',*,*,#1115,.T.);
#1496=ORIENTED_EDGE('',*,*,#1128,.T.);
#1497=ORIENTED_EDGE('',*,*,#1127,.F.);
#1498=ORIENTED_EDGE('',*,*,#1023,.T.);
#1499=ORIENTED_EDGE('',*,*,#1112,.T.);
#1500=ORIENTED_EDGE('',*,*,#1129,.T.);
#1501=ORIENTED_EDGE('',*,*,#1109,.F.);
#1502=ORIENTED_EDGE('',*,*,#1130,.T.);
#1503=ORIENTED_EDGE('',*,*,#1110,.T.);
#1504=ORIENTED_EDGE('',*,*,#1027,.T.);
#1505=ORIENTED_EDGE('',*,*,#1131,.T.);
#1506=ORIENTED_EDGE('',*,*,#1026,.T.);
#1507=ORIENTED_EDGE('',*,*,#1107,.T.);
#1508=ORIENTED_EDGE('',*,*,#1132,.T.);
#1509=ORIENTED_EDGE('',*,*,#1131,.F.);
#1510=ORIENTED_EDGE('',*,*,#1129,.F.);
#1511=ORIENTED_EDGE('',*,*,#1124,.F.);
#1512=ORIENTED_EDGE('',*,*,#1126,.F.);
#1513=ORIENTED_EDGE('',*,*,#1133,.T.);
#1514=ORIENTED_EDGE('',*,*,#1125,.F.);
#1515=ORIENTED_EDGE('',*,*,#1123,.F.);
#1516=ORIENTED_EDGE('',*,*,#1130,.F.);
#1517=ORIENTED_EDGE('',*,*,#1134,.F.);
#1518=ORIENTED_EDGE('',*,*,#1135,.F.);
#1519=ORIENTED_EDGE('',*,*,#1136,.F.);
#1520=ORIENTED_EDGE('',*,*,#1014,.F.);
#1521=ORIENTED_EDGE('',*,*,#1021,.T.);
#1522=ORIENTED_EDGE('',*,*,#1009,.F.);
#1523=ORIENTED_EDGE('',*,*,#1137,.F.);
#1524=ORIENTED_EDGE('',*,*,#1138,.F.);
#1525=ORIENTED_EDGE('',*,*,#995,.T.);
#1526=ORIENTED_EDGE('',*,*,#1136,.T.);
#1527=ORIENTED_EDGE('',*,*,#1139,.T.);
#1528=ORIENTED_EDGE('',*,*,#1137,.T.);
#1529=ORIENTED_EDGE('',*,*,#1012,.T.);
#1530=ORIENTED_EDGE('',*,*,#996,.T.);
#1531=ORIENTED_EDGE('',*,*,#1138,.T.);
#1532=ORIENTED_EDGE('',*,*,#1140,.T.);
#1533=ORIENTED_EDGE('',*,*,#1064,.F.);
#1534=ORIENTED_EDGE('',*,*,#1141,.T.);
#1535=ORIENTED_EDGE('',*,*,#1135,.T.);
#1536=ORIENTED_EDGE('',*,*,#1020,.T.);
#1537=ORIENTED_EDGE('',*,*,#1061,.T.);
#1538=ORIENTED_EDGE('',*,*,#1140,.F.);
#1539=ORIENTED_EDGE('',*,*,#1139,.F.);
#1540=ORIENTED_EDGE('',*,*,#1141,.F.);
#1541=ORIENTED_EDGE('',*,*,#1063,.F.);
#1542=ORIENTED_EDGE('',*,*,#1142,.F.);
#1543=ORIENTED_EDGE('',*,*,#1143,.F.);
#1544=ORIENTED_EDGE('',*,*,#1144,.F.);
#1545=ORIENTED_EDGE('',*,*,#1145,.T.);
#1546=ORIENTED_EDGE('',*,*,#1146,.T.);
#1547=ORIENTED_EDGE('',*,*,#1143,.T.);
#1548=ORIENTED_EDGE('',*,*,#1103,.T.);
#1549=ORIENTED_EDGE('',*,*,#1147,.F.);
#1550=ORIENTED_EDGE('',*,*,#1148,.F.);
#1551=ORIENTED_EDGE('',*,*,#1149,.F.);
#1552=ORIENTED_EDGE('',*,*,#1150,.T.);
#1553=ORIENTED_EDGE('',*,*,#1070,.T.);
#1554=ORIENTED_EDGE('',*,*,#1148,.T.);
#1555=ORIENTED_EDGE('',*,*,#1151,.T.);
#1556=ORIENTED_EDGE('',*,*,#982,.F.);
#1557=ORIENTED_EDGE('',*,*,#1001,.T.);
#1558=ORIENTED_EDGE('',*,*,#1149,.T.);
#1559=ORIENTED_EDGE('',*,*,#1069,.T.);
#1560=ORIENTED_EDGE('',*,*,#987,.F.);
#1561=ORIENTED_EDGE('',*,*,#1147,.T.);
#1562=ORIENTED_EDGE('',*,*,#1000,.T.);
#1563=ORIENTED_EDGE('',*,*,#1144,.T.);
#1564=ORIENTED_EDGE('',*,*,#1152,.T.);
#1565=ORIENTED_EDGE('',*,*,#1057,.F.);
#1566=ORIENTED_EDGE('',*,*,#1104,.T.);
#1567=ORIENTED_EDGE('',*,*,#1142,.T.);
#1568=ORIENTED_EDGE('',*,*,#999,.T.);
#1569=ORIENTED_EDGE('',*,*,#1050,.F.);
#1570=ORIENTED_EDGE('',*,*,#1151,.F.);
#1571=ORIENTED_EDGE('',*,*,#1152,.F.);
#1572=ORIENTED_EDGE('',*,*,#1146,.F.);
#1573=ORIENTED_EDGE('',*,*,#1153,.T.);
#1574=ORIENTED_EDGE('',*,*,#1154,.F.);
#1575=ORIENTED_EDGE('',*,*,#1155,.F.);
#1576=ORIENTED_EDGE('',*,*,#1156,.F.);
#1577=ORIENTED_EDGE('',*,*,#1078,.T.);
#1578=ORIENTED_EDGE('',*,*,#1101,.T.);
#1579=ORIENTED_EDGE('',*,*,#1155,.T.);
#1580=ORIENTED_EDGE('',*,*,#1157,.T.);
#1581=ORIENTED_EDGE('',*,*,#1048,.F.);
#1582=ORIENTED_EDGE('',*,*,#1017,.T.);
#1583=ORIENTED_EDGE('',*,*,#1156,.T.);
#1584=ORIENTED_EDGE('',*,*,#1100,.T.);
#1585=ORIENTED_EDGE('',*,*,#1053,.F.);
#1586=ORIENTED_EDGE('',*,*,#1158,.F.);
#1587=ORIENTED_EDGE('',*,*,#1159,.F.);
#1588=ORIENTED_EDGE('',*,*,#1160,.F.);
#1589=ORIENTED_EDGE('',*,*,#1080,.T.);
#1590=ORIENTED_EDGE('',*,*,#1161,.T.);
#1591=ORIENTED_EDGE('',*,*,#1159,.T.);
#1592=ORIENTED_EDGE('',*,*,#1073,.T.);
#1593=ORIENTED_EDGE('',*,*,#1154,.T.);
#1594=ORIENTED_EDGE('',*,*,#1016,.T.);
#1595=ORIENTED_EDGE('',*,*,#1160,.T.);
#1596=ORIENTED_EDGE('',*,*,#1162,.T.);
#1597=ORIENTED_EDGE('',*,*,#991,.F.);
#1598=ORIENTED_EDGE('',*,*,#1074,.T.);
#1599=ORIENTED_EDGE('',*,*,#1158,.T.);
#1600=ORIENTED_EDGE('',*,*,#1015,.T.);
#1601=ORIENTED_EDGE('',*,*,#984,.F.);
#1602=ORIENTED_EDGE('',*,*,#1157,.F.);
#1603=ORIENTED_EDGE('',*,*,#1162,.F.);
#1604=ORIENTED_EDGE('',*,*,#1161,.F.);
#1605=ORIENTED_EDGE('',*,*,#1079,.T.);
#1606=ORIENTED_EDGE('',*,*,#1163,.T.);
#1607=ORIENTED_EDGE('',*,*,#1164,.T.);
#1608=ORIENTED_EDGE('',*,*,#1165,.T.);
#1609=ORIENTED_EDGE('',*,*,#1166,.T.);
#1610=ORIENTED_EDGE('',*,*,#1165,.F.);
#1611=ORIENTED_EDGE('',*,*,#1167,.F.);
#1612=ORIENTED_EDGE('',*,*,#1168,.T.);
#1613=ORIENTED_EDGE('',*,*,#1081,.F.);
#1614=ORIENTED_EDGE('',*,*,#1169,.F.);
#1615=ORIENTED_EDGE('',*,*,#1067,.F.);
#1616=ORIENTED_EDGE('',*,*,#1071,.T.);
#1617=ORIENTED_EDGE('',*,*,#1150,.F.);
#1618=ORIENTED_EDGE('',*,*,#1153,.F.);
#1619=ORIENTED_EDGE('',*,*,#1145,.F.);
#1620=ORIENTED_EDGE('',*,*,#1102,.T.);
#1621=ORIENTED_EDGE('',*,*,#1098,.F.);
#1622=ORIENTED_EDGE('',*,*,#1170,.T.);
#1623=ORIENTED_EDGE('',*,*,#1164,.F.);
#1624=ORIENTED_EDGE('',*,*,#1171,.T.);
#1625=ORIENTED_EDGE('',*,*,#1172,.T.);
#1626=ORIENTED_EDGE('',*,*,#1173,.T.);
#1627=ORIENTED_EDGE('',*,*,#1174,.F.);
#1628=ORIENTED_EDGE('',*,*,#1175,.T.);
#1629=ORIENTED_EDGE('',*,*,#1176,.T.);
#1630=ORIENTED_EDGE('',*,*,#1177,.T.);
#1631=ORIENTED_EDGE('',*,*,#1178,.F.);
#1632=ORIENTED_EDGE('',*,*,#1179,.T.);
#1633=ORIENTED_EDGE('',*,*,#1180,.T.);
#1634=ORIENTED_EDGE('',*,*,#1181,.T.);
#1635=ORIENTED_EDGE('',*,*,#1182,.F.);
#1636=ORIENTED_EDGE('',*,*,#1183,.T.);
#1637=ORIENTED_EDGE('',*,*,#1184,.T.);
#1638=ORIENTED_EDGE('',*,*,#1167,.T.);
#1639=ORIENTED_EDGE('',*,*,#1185,.T.);
#1640=ORIENTED_EDGE('',*,*,#1182,.T.);
#1641=ORIENTED_EDGE('',*,*,#1186,.T.);
#1642=ORIENTED_EDGE('',*,*,#1187,.T.);
#1643=ORIENTED_EDGE('',*,*,#1186,.F.);
#1644=ORIENTED_EDGE('',*,*,#1181,.F.);
#1645=ORIENTED_EDGE('',*,*,#1188,.T.);
#1646=ORIENTED_EDGE('',*,*,#1085,.F.);
#1647=ORIENTED_EDGE('',*,*,#1189,.F.);
#1648=ORIENTED_EDGE('',*,*,#1190,.T.);
#1649=ORIENTED_EDGE('',*,*,#1178,.T.);
#1650=ORIENTED_EDGE('',*,*,#1191,.T.);
#1651=ORIENTED_EDGE('',*,*,#1192,.T.);
#1652=ORIENTED_EDGE('',*,*,#1191,.F.);
#1653=ORIENTED_EDGE('',*,*,#1177,.F.);
#1654=ORIENTED_EDGE('',*,*,#1193,.T.);
#1655=ORIENTED_EDGE('',*,*,#1089,.F.);
#1656=ORIENTED_EDGE('',*,*,#1194,.F.);
#1657=ORIENTED_EDGE('',*,*,#1195,.T.);
#1658=ORIENTED_EDGE('',*,*,#1174,.T.);
#1659=ORIENTED_EDGE('',*,*,#1196,.T.);
#1660=ORIENTED_EDGE('',*,*,#1197,.T.);
#1661=ORIENTED_EDGE('',*,*,#1195,.F.);
#1662=ORIENTED_EDGE('',*,*,#1198,.T.);
#1663=ORIENTED_EDGE('',*,*,#1091,.F.);
#1664=ORIENTED_EDGE('',*,*,#1199,.F.);
#1665=ORIENTED_EDGE('',*,*,#1175,.F.);
#1666=ORIENTED_EDGE('',*,*,#1184,.F.);
#1667=ORIENTED_EDGE('',*,*,#1200,.T.);
#1668=ORIENTED_EDGE('',*,*,#1082,.F.);
#1669=ORIENTED_EDGE('',*,*,#1168,.F.);
#1670=ORIENTED_EDGE('',*,*,#1185,.F.);
#1671=ORIENTED_EDGE('',*,*,#1201,.T.);
#1672=ORIENTED_EDGE('',*,*,#1083,.F.);
#1673=ORIENTED_EDGE('',*,*,#1200,.F.);
#1674=ORIENTED_EDGE('',*,*,#1183,.F.);
#1675=ORIENTED_EDGE('',*,*,#1187,.F.);
#1676=ORIENTED_EDGE('',*,*,#1189,.T.);
#1677=ORIENTED_EDGE('',*,*,#1084,.F.);
#1678=ORIENTED_EDGE('',*,*,#1201,.F.);
#1679=ORIENTED_EDGE('',*,*,#1180,.F.);
#1680=ORIENTED_EDGE('',*,*,#1202,.T.);
#1681=ORIENTED_EDGE('',*,*,#1086,.F.);
#1682=ORIENTED_EDGE('',*,*,#1188,.F.);
#1683=ORIENTED_EDGE('',*,*,#1190,.F.);
#1684=ORIENTED_EDGE('',*,*,#1203,.T.);
#1685=ORIENTED_EDGE('',*,*,#1087,.F.);
#1686=ORIENTED_EDGE('',*,*,#1202,.F.);
#1687=ORIENTED_EDGE('',*,*,#1179,.F.);
#1688=ORIENTED_EDGE('',*,*,#1192,.F.);
#1689=ORIENTED_EDGE('',*,*,#1194,.T.);
#1690=ORIENTED_EDGE('',*,*,#1088,.F.);
#1691=ORIENTED_EDGE('',*,*,#1203,.F.);
#1692=ORIENTED_EDGE('',*,*,#1176,.F.);
#1693=ORIENTED_EDGE('',*,*,#1199,.T.);
#1694=ORIENTED_EDGE('',*,*,#1090,.F.);
#1695=ORIENTED_EDGE('',*,*,#1193,.F.);
#1696=ORIENTED_EDGE('',*,*,#1197,.F.);
#1697=ORIENTED_EDGE('',*,*,#1204,.T.);
#1698=ORIENTED_EDGE('',*,*,#1092,.F.);
#1699=ORIENTED_EDGE('',*,*,#1198,.F.);
#1700=ORIENTED_EDGE('',*,*,#1196,.F.);
#1701=ORIENTED_EDGE('',*,*,#1173,.F.);
#1702=ORIENTED_EDGE('',*,*,#1205,.T.);
#1703=ORIENTED_EDGE('',*,*,#1093,.F.);
#1704=ORIENTED_EDGE('',*,*,#1204,.F.);
#1705=ORIENTED_EDGE('',*,*,#1172,.F.);
#1706=ORIENTED_EDGE('',*,*,#1206,.T.);
#1707=ORIENTED_EDGE('',*,*,#1094,.F.);
#1708=ORIENTED_EDGE('',*,*,#1205,.F.);
#1709=ORIENTED_EDGE('',*,*,#1163,.F.);
#1710=ORIENTED_EDGE('',*,*,#1207,.T.);
#1711=ORIENTED_EDGE('',*,*,#1095,.F.);
#1712=ORIENTED_EDGE('',*,*,#1206,.F.);
#1713=ORIENTED_EDGE('',*,*,#1171,.F.);
#1714=ORIENTED_EDGE('',*,*,#1166,.F.);
#1715=ORIENTED_EDGE('',*,*,#1169,.T.);
#1716=ORIENTED_EDGE('',*,*,#1096,.F.);
#1717=ORIENTED_EDGE('',*,*,#1207,.F.);
#1718=ORIENTED_EDGE('',*,*,#1068,.F.);
#1719=ORIENTED_EDGE('',*,*,#1170,.F.);
#1720=ORIENTED_EDGE('',*,*,#1097,.F.);
#1721=ORIENTED_EDGE('',*,*,#1075,.F.);
#1722=ORIENTED_EDGE('',*,*,#1108,.F.);
#1723=ORIENTED_EDGE('',*,*,#1133,.F.);
#1724=ORIENTED_EDGE('',*,*,#1128,.F.);
#1725=ORIENTED_EDGE('',*,*,#1117,.F.);
#1726=ORIENTED_EDGE('',*,*,#1118,.F.);
#1727=ORIENTED_EDGE('',*,*,#1134,.T.);
#1728=ORIENTED_EDGE('',*,*,#1132,.F.);
#1729=ORIENTED_EDGE('',*,*,#1116,.F.);
#1730=ORIENTED_EDGE('',*,*,#1208,.T.);
#1731=ORIENTED_EDGE('',*,*,#1209,.T.);
#1732=ORIENTED_EDGE('',*,*,#1210,.T.);
#1733=ORIENTED_EDGE('',*,*,#1211,.T.);
#1734=ORIENTED_EDGE('',*,*,#1211,.F.);
#1735=ORIENTED_EDGE('',*,*,#1212,.F.);
#1736=ORIENTED_EDGE('',*,*,#1213,.F.);
#1737=ORIENTED_EDGE('',*,*,#1214,.F.);
#1738=ORIENTED_EDGE('',*,*,#1210,.F.);
#1739=ORIENTED_EDGE('',*,*,#1215,.T.);
#1740=ORIENTED_EDGE('',*,*,#1216,.F.);
#1741=ORIENTED_EDGE('',*,*,#1217,.T.);
#1742=ORIENTED_EDGE('',*,*,#1218,.F.);
#1743=ORIENTED_EDGE('',*,*,#1219,.T.);
#1744=ORIENTED_EDGE('',*,*,#1220,.F.);
#1745=ORIENTED_EDGE('',*,*,#1212,.T.);
#1746=ORIENTED_EDGE('',*,*,#947,.T.);
#1747=ORIENTED_EDGE('',*,*,#950,.T.);
#1748=ORIENTED_EDGE('',*,*,#953,.T.);
#1749=ORIENTED_EDGE('',*,*,#956,.T.);
#1750=ORIENTED_EDGE('',*,*,#959,.T.);
#1751=ORIENTED_EDGE('',*,*,#962,.T.);
#1752=ORIENTED_EDGE('',*,*,#965,.T.);
#1753=ORIENTED_EDGE('',*,*,#1034,.T.);
#1754=ORIENTED_EDGE('',*,*,#1221,.T.);
#1755=ORIENTED_EDGE('',*,*,#1216,.T.);
#1756=ORIENTED_EDGE('',*,*,#1222,.T.);
#1757=ORIENTED_EDGE('',*,*,#1221,.F.);
#1758=ORIENTED_EDGE('',*,*,#1033,.F.);
#1759=ORIENTED_EDGE('',*,*,#1223,.F.);
#1760=ORIENTED_EDGE('',*,*,#1217,.F.);
#1761=ORIENTED_EDGE('',*,*,#1032,.T.);
#1762=ORIENTED_EDGE('',*,*,#1224,.T.);
#1763=ORIENTED_EDGE('',*,*,#1218,.T.);
#1764=ORIENTED_EDGE('',*,*,#1223,.T.);
#1765=ORIENTED_EDGE('',*,*,#1225,.T.);
#1766=ORIENTED_EDGE('',*,*,#1213,.T.);
#1767=ORIENTED_EDGE('',*,*,#1220,.T.);
#1768=ORIENTED_EDGE('',*,*,#1226,.T.);
#1769=ORIENTED_EDGE('',*,*,#1224,.F.);
#1770=ORIENTED_EDGE('',*,*,#1031,.F.);
#1771=ORIENTED_EDGE('',*,*,#1052,.F.);
#1772=ORIENTED_EDGE('',*,*,#1058,.F.);
#1773=ORIENTED_EDGE('',*,*,#1055,.F.);
#1774=ORIENTED_EDGE('',*,*,#1227,.F.);
#1775=ORIENTED_EDGE('',*,*,#1226,.F.);
#1776=ORIENTED_EDGE('',*,*,#1219,.F.);
#1777=ORIENTED_EDGE('',*,*,#1209,.F.);
#1778=ORIENTED_EDGE('',*,*,#1228,.F.);
#1779=ORIENTED_EDGE('',*,*,#986,.F.);
#1780=ORIENTED_EDGE('',*,*,#992,.F.);
#1781=ORIENTED_EDGE('',*,*,#989,.F.);
#1782=ORIENTED_EDGE('',*,*,#1035,.F.);
#1783=ORIENTED_EDGE('',*,*,#1222,.F.);
#1784=ORIENTED_EDGE('',*,*,#1215,.F.);
#1785=ORIENTED_EDGE('',*,*,#981,.F.);
#1786=ORIENTED_EDGE('',*,*,#1228,.T.);
#1787=ORIENTED_EDGE('',*,*,#1208,.F.);
#1788=ORIENTED_EDGE('',*,*,#1214,.T.);
#1789=ORIENTED_EDGE('',*,*,#1225,.F.);
#1790=ORIENTED_EDGE('',*,*,#1227,.T.);
#1791=ORIENTED_EDGE('',*,*,#1051,.F.);
#1792=ORIENTED_EDGE('',*,*,#1038,.F.);
#1793=ORIENTED_EDGE('',*,*,#1040,.F.);
#1794=ORIENTED_EDGE('',*,*,#974,.F.);
#1795=ORIENTED_EDGE('',*,*,#978,.F.);
#1796=ORIENTED_EDGE('',*,*,#963,.T.);
#1797=CYLINDRICAL_SURFACE('',#1979,2.083);
#1798=CYLINDRICAL_SURFACE('',#1983,2.16);
#1799=CYLINDRICAL_SURFACE('',#1987,2.16);
#1800=CYLINDRICAL_SURFACE('',#1991,2.16);
#1801=CYLINDRICAL_SURFACE('',#1995,2.16);
#1802=CYLINDRICAL_SURFACE('',#1999,3.25);
#1803=CYLINDRICAL_SURFACE('',#2002,3.25);
#1804=CYLINDRICAL_SURFACE('',#2005,12.);
#1805=CYLINDRICAL_SURFACE('',#2017,12.);
#1806=CYLINDRICAL_SURFACE('',#2033,12.);
#1807=CYLINDRICAL_SURFACE('',#2038,3.);
#1808=CYLINDRICAL_SURFACE('',#2041,3.);
#1809=CYLINDRICAL_SURFACE('',#2052,12.);
#1810=CYLINDRICAL_SURFACE('',#2059,12.);
#1811=CYLINDRICAL_SURFACE('',#2064,12.);
#1812=CYLINDRICAL_SURFACE('',#2079,12.);
#1813=CYLINDRICAL_SURFACE('',#2080,3.);
#1814=CYLINDRICAL_SURFACE('',#2083,3.);
#1815=CYLINDRICAL_SURFACE('',#2085,6.);
#1816=CYLINDRICAL_SURFACE('',#2097,6.);
#1817=CYLINDRICAL_SURFACE('',#2104,3.);
#1818=CYLINDRICAL_SURFACE('',#2114,3.);
#1819=CYLINDRICAL_SURFACE('',#2115,3.);
#1820=CYLINDRICAL_SURFACE('',#2121,3.);
#1821=CYLINDRICAL_SURFACE('',#2122,3.);
#1822=CYLINDRICAL_SURFACE('',#2123,3.);
#1823=CYLINDRICAL_SURFACE('',#2125,3.);
#1824=CYLINDRICAL_SURFACE('',#2126,3.);
#1825=CYLINDRICAL_SURFACE('',#2127,3.);
#1826=CYLINDRICAL_SURFACE('',#2129,3.);
#1827=CYLINDRICAL_SURFACE('',#2138,3.);
#1828=CYLINDRICAL_SURFACE('',#2139,3.);
#1829=CYLINDRICAL_SURFACE('',#2140,3.);
#1830=CYLINDRICAL_SURFACE('',#2146,3.);
#1831=CYLINDRICAL_SURFACE('',#2152,3.);
#1832=CYLINDRICAL_SURFACE('',#2154,3.);
#1833=CYLINDRICAL_SURFACE('',#2155,3.);
#1834=CYLINDRICAL_SURFACE('',#2156,3.);
#1835=CYLINDRICAL_SURFACE('',#2162,3.);
#1836=CYLINDRICAL_SURFACE('',#2163,3.);
#1837=CYLINDRICAL_SURFACE('',#2168,3.);
#1838=CYLINDRICAL_SURFACE('',#2169,3.);
#1839=CYLINDRICAL_SURFACE('',#2170,3.);
#1840=CYLINDRICAL_SURFACE('',#2191,12.);
#1841=CYLINDRICAL_SURFACE('',#2194,12.);
#1842=CYLINDRICAL_SURFACE('',#2196,12.);
#1843=CYLINDRICAL_SURFACE('',#2200,12.);
#1844=CYLINDRICAL_SURFACE('',#2204,3.);
#1845=CYLINDRICAL_SURFACE('',#2212,3.);
#1846=CYLINDRICAL_SURFACE('',#2214,3.);
#1847=CYLINDRICAL_SURFACE('',#2215,3.);
#1848=ADVANCED_FACE('',(#112),#1797,.T.);
#1849=ADVANCED_FACE('',(#113),#72,.F.);
#1850=ADVANCED_FACE('',(#114),#1798,.T.);
#1851=ADVANCED_FACE('',(#115),#73,.F.);
#1852=ADVANCED_FACE('',(#116),#1799,.T.);
#1853=ADVANCED_FACE('',(#117),#74,.F.);
#1854=ADVANCED_FACE('',(#118),#1800,.T.);
#1855=ADVANCED_FACE('',(#119),#75,.F.);
#1856=ADVANCED_FACE('',(#120),#1801,.T.);
#1857=ADVANCED_FACE('',(#121),#76,.F.);
#1858=ADVANCED_FACE('',(#122),#1802,.F.);
#1859=ADVANCED_FACE('',(#123),#1803,.F.);
#1860=ADVANCED_FACE('',(#124),#1804,.F.);
#1861=ADVANCED_FACE('',(#125),#50,.F.);
#1862=ADVANCED_FACE('',(#126),#51,.F.);
#1863=ADVANCED_FACE('',(#127),#1805,.F.);
#1864=ADVANCED_FACE('',(#128),#52,.F.);
#1865=ADVANCED_FACE('',(#129),#53,.F.);
#1866=ADVANCED_FACE('',(#130),#54,.F.);
#1867=ADVANCED_FACE('',(#131),#55,.F.);
#1868=ADVANCED_FACE('',(#132),#1806,.F.);
#1869=ADVANCED_FACE('',(#133,#25),#77,.T.);
#1870=ADVANCED_FACE('',(#134),#1807,.T.);
#1871=ADVANCED_FACE('',(#135),#78,.T.);
#1872=ADVANCED_FACE('',(#136),#1808,.T.);
#1873=ADVANCED_FACE('',(#137,#26),#79,.T.);
#1874=ADVANCED_FACE('',(#138,#27),#80,.T.);
#1875=ADVANCED_FACE('',(#139),#1809,.F.);
#1876=ADVANCED_FACE('',(#140),#56,.F.);
#1877=ADVANCED_FACE('',(#141),#1810,.F.);
#1878=ADVANCED_FACE('',(#142),#57,.F.);
#1879=ADVANCED_FACE('',(#143),#1811,.F.);
#1880=ADVANCED_FACE('',(#144),#58,.F.);
#1881=ADVANCED_FACE('',(#145),#59,.F.);
#1882=ADVANCED_FACE('',(#146),#60,.F.);
#1883=ADVANCED_FACE('',(#147),#61,.F.);
#1884=ADVANCED_FACE('',(#148),#1812,.F.);
#1885=ADVANCED_FACE('',(#149),#1813,.T.);
#1886=ADVANCED_FACE('',(#150),#81,.T.);
#1887=ADVANCED_FACE('',(#151),#1814,.T.);
#1888=ADVANCED_FACE('',(#152),#1815,.T.);
#1889=ADVANCED_FACE('',(#153),#82,.T.);
#1890=ADVANCED_FACE('',(#154,#28),#83,.T.);
#1891=ADVANCED_FACE('',(#155),#1816,.T.);
#1892=ADVANCED_FACE('',(#156),#84,.T.);
#1893=ADVANCED_FACE('',(#157),#62,.T.);
#1894=ADVANCED_FACE('',(#158),#1817,.T.);
#1895=ADVANCED_FACE('',(#159),#63,.T.);
#1896=ADVANCED_FACE('',(#160),#64,.T.);
#1897=ADVANCED_FACE('',(#161),#1818,.F.);
#1898=ADVANCED_FACE('',(#162),#1819,.T.);
#1899=ADVANCED_FACE('',(#163),#65,.T.);
#1900=ADVANCED_FACE('',(#164),#1820,.F.);
#1901=ADVANCED_FACE('',(#165),#1821,.T.);
#1902=ADVANCED_FACE('',(#166),#1822,.T.);
#1903=ADVANCED_FACE('',(#167),#1823,.T.);
#1904=ADVANCED_FACE('',(#168),#1824,.T.);
#1905=ADVANCED_FACE('',(#169),#1825,.T.);
#1906=ADVANCED_FACE('',(#170),#1826,.T.);
#1907=ADVANCED_FACE('',(#171),#85,.T.);
#1908=ADVANCED_FACE('',(#172),#86,.T.);
#1909=ADVANCED_FACE('',(#173),#66,.T.);
#1910=ADVANCED_FACE('',(#174),#67,.T.);
#1911=ADVANCED_FACE('',(#175),#1827,.F.);
#1912=ADVANCED_FACE('',(#176),#1828,.T.);
#1913=ADVANCED_FACE('',(#177),#1829,.T.);
#1914=ADVANCED_FACE('',(#178),#87,.T.);
#1915=ADVANCED_FACE('',(#179),#15,.T.);
#1916=ADVANCED_FACE('',(#180),#1830,.T.);
#1917=ADVANCED_FACE('',(#181),#16,.T.);
#1918=ADVANCED_FACE('',(#182),#1831,.T.);
#1919=ADVANCED_FACE('',(#183),#1832,.T.);
#1920=ADVANCED_FACE('',(#184),#1833,.T.);
#1921=ADVANCED_FACE('',(#185),#1834,.T.);
#1922=ADVANCED_FACE('',(#186),#88,.T.);
#1923=ADVANCED_FACE('',(#187),#17,.T.);
#1924=ADVANCED_FACE('',(#188),#1835,.T.);
#1925=ADVANCED_FACE('',(#189),#1836,.T.);
#1926=ADVANCED_FACE('',(#190),#18,.T.);
#1927=ADVANCED_FACE('',(#191),#1837,.T.);
#1928=ADVANCED_FACE('',(#192),#1838,.T.);
#1929=ADVANCED_FACE('',(#193),#1839,.T.);
#1930=ADVANCED_FACE('',(#194),#89,.T.);
#1931=ADVANCED_FACE('',(#195),#68,.T.);
#1932=ADVANCED_FACE('',(#196),#90,.F.);
#1933=ADVANCED_FACE('',(#197,#29),#91,.T.);
#1934=ADVANCED_FACE('',(#198),#69,.T.);
#1935=ADVANCED_FACE('',(#199),#92,.F.);
#1936=ADVANCED_FACE('',(#200),#70,.T.);
#1937=ADVANCED_FACE('',(#201),#93,.F.);
#1938=ADVANCED_FACE('',(#202),#71,.T.);
#1939=ADVANCED_FACE('',(#203),#94,.F.);
#1940=ADVANCED_FACE('',(#204),#95,.F.);
#1941=ADVANCED_FACE('',(#205),#96,.F.);
#1942=ADVANCED_FACE('',(#206),#1840,.F.);
#1943=ADVANCED_FACE('',(#207),#97,.F.);
#1944=ADVANCED_FACE('',(#208),#98,.F.);
#1945=ADVANCED_FACE('',(#209),#1841,.F.);
#1946=ADVANCED_FACE('',(#210),#99,.F.);
#1947=ADVANCED_FACE('',(#211),#1842,.F.);
#1948=ADVANCED_FACE('',(#212),#100,.F.);
#1949=ADVANCED_FACE('',(#213),#101,.F.);
#1950=ADVANCED_FACE('',(#214),#102,.F.);
#1951=ADVANCED_FACE('',(#215),#1843,.F.);
#1952=ADVANCED_FACE('',(#216),#103,.T.);
#1953=ADVANCED_FACE('',(#217),#104,.T.);
#1954=ADVANCED_FACE('',(#218),#105,.T.);
#1955=ADVANCED_FACE('',(#219),#1844,.T.);
#1956=ADVANCED_FACE('',(#220),#106,.T.);
#1957=ADVANCED_FACE('',(#221,#30,#31,#32,#33,#34,#35,#36),#107,.F.);
#1958=ADVANCED_FACE('',(#222),#1845,.T.);
#1959=ADVANCED_FACE('',(#223),#108,.T.);
#1960=ADVANCED_FACE('',(#224),#1846,.T.);
#1961=ADVANCED_FACE('',(#225),#1847,.T.);
#1962=ADVANCED_FACE('',(#226),#109,.T.);
#1963=ADVANCED_FACE('',(#227),#110,.T.);
#1964=ADVANCED_FACE('',(#228,#37),#111,.T.);
#1965=CLOSED_SHELL('',(#1848,#1849,#1850,#1851,#1852,#1853,#1854,#1855,
#1856,#1857,#1858,#1859,#1860,#1861,#1862,#1863,#1864,#1865,#1866,#1867,
#1868,#1869,#1870,#1871,#1872,#1873,#1874,#1875,#1876,#1877,#1878,#1879,
#1880,#1881,#1882,#1883,#1884,#1885,#1886,#1887,#1888,#1889,#1890,#1891,
#1892,#1893,#1894,#1895,#1896,#1897,#1898,#1899,#1900,#1901,#1902,#1903,
#1904,#1905,#1906,#1907,#1908,#1909,#1910,#1911,#1912,#1913,#1914,#1915,
#1916,#1917,#1918,#1919,#1920,#1921,#1922,#1923,#1924,#1925,#1926,#1927,
#1928,#1929,#1930,#1931,#1932,#1933,#1934,#1935,#1936,#1937,#1938,#1939,
#1940,#1941,#1942,#1943,#1944,#1945,#1946,#1947,#1948,#1949,#1950,#1951,
#1952,#1953,#1954,#1955,#1956,#1957,#1958,#1959,#1960,#1961,#1962,#1963,
#1964));
#1966=DERIVED_UNIT_ELEMENT(#1968,1.);
#1967=DERIVED_UNIT_ELEMENT(#3563,-3.);
#1968=(
MASS_UNIT()
NAMED_UNIT(*)
SI_UNIT(.KILO.,.GRAM.)
);
#1969=DERIVED_UNIT((#1966,#1967));
#1970=MEASURE_REPRESENTATION_ITEM('density measure',
POSITIVE_RATIO_MEASURE(7850.),#1969);
#1971=PROPERTY_DEFINITION_REPRESENTATION(#1976,#1973);
#1972=PROPERTY_DEFINITION_REPRESENTATION(#1977,#1974);
#1973=REPRESENTATION('material name',(#1975),#3560);
#1974=REPRESENTATION('density',(#1970),#3560);
#1975=DESCRIPTIVE_REPRESENTATION_ITEM('Steel','Steel');
#1976=PROPERTY_DEFINITION('material property','material name',#3570);
#1977=PROPERTY_DEFINITION('material property','density of part',#3570);
#1978=AXIS2_PLACEMENT_3D('',#2852,#2220,#2221);
#1979=AXIS2_PLACEMENT_3D('',#2853,#2222,#2223);
#1980=AXIS2_PLACEMENT_3D('',#2855,#2224,#2225);
#1981=AXIS2_PLACEMENT_3D('',#2858,#2227,#2228);
#1982=AXIS2_PLACEMENT_3D('',#2859,#2229,#2230);
#1983=AXIS2_PLACEMENT_3D('',#2860,#2231,#2232);
#1984=AXIS2_PLACEMENT_3D('',#2862,#2233,#2234);
#1985=AXIS2_PLACEMENT_3D('',#2865,#2236,#2237);
#1986=AXIS2_PLACEMENT_3D('',#2866,#2238,#2239);
#1987=AXIS2_PLACEMENT_3D('',#2867,#2240,#2241);
#1988=AXIS2_PLACEMENT_3D('',#2869,#2242,#2243);
#1989=AXIS2_PLACEMENT_3D('',#2872,#2245,#2246);
#1990=AXIS2_PLACEMENT_3D('',#2873,#2247,#2248);
#1991=AXIS2_PLACEMENT_3D('',#2874,#2249,#2250);
#1992=AXIS2_PLACEMENT_3D('',#2876,#2251,#2252);
#1993=AXIS2_PLACEMENT_3D('',#2879,#2254,#2255);
#1994=AXIS2_PLACEMENT_3D('',#2880,#2256,#2257);
#1995=AXIS2_PLACEMENT_3D('',#2881,#2258,#2259);
#1996=AXIS2_PLACEMENT_3D('',#2883,#2260,#2261);
#1997=AXIS2_PLACEMENT_3D('',#2886,#2263,#2264);
#1998=AXIS2_PLACEMENT_3D('',#2887,#2265,#2266);
#1999=AXIS2_PLACEMENT_3D('',#2888,#2267,#2268);
#2000=AXIS2_PLACEMENT_3D('',#2890,#2269,#2270);
#2001=AXIS2_PLACEMENT_3D('',#2893,#2272,#2273);
#2002=AXIS2_PLACEMENT_3D('',#2894,#2274,#2275);
#2003=AXIS2_PLACEMENT_3D('',#2896,#2276,#2277);
#2004=AXIS2_PLACEMENT_3D('',#2899,#2279,#2280);
#2005=AXIS2_PLACEMENT_3D('',#2900,#2281,#2282);
#2006=AXIS2_PLACEMENT_3D('',#2903,#2283,#2284);
#2007=AXIS2_PLACEMENT_3D('',#2907,#2286,#2287);
#2008=AXIS2_PLACEMENT_3D('',#2909,#2289,#2290);
#2009=AXIS2_PLACEMENT_3D('',#2912,#2291,#2292);
#2010=AXIS2_PLACEMENT_3D('',#2913,#2293,#2294);
#2011=AXIS2_PLACEMENT_3D('',#2914,#2295,#2296);
#2012=AXIS2_PLACEMENT_3D('',#2915,#2297,#2298);
#2013=AXIS2_PLACEMENT_3D('',#2918,#2299,#2300);
#2014=AXIS2_PLACEMENT_3D('',#2920,#2301,#2302);
#2015=AXIS2_PLACEMENT_3D('',#2922,#2303,#2304);
#2016=AXIS2_PLACEMENT_3D('',#2923,#2305,#2306);
#2017=AXIS2_PLACEMENT_3D('',#2924,#2307,#2308);
#2018=AXIS2_PLACEMENT_3D('',#2927,#2309,#2310);
#2019=AXIS2_PLACEMENT_3D('',#2930,#2313,#2314);
#2020=AXIS2_PLACEMENT_3D('',#2933,#2315,#2316);
#2021=AXIS2_PLACEMENT_3D('',#2934,#2317,#2318);
#2022=AXIS2_PLACEMENT_3D('',#2935,#2319,#2320);
#2023=AXIS2_PLACEMENT_3D('',#2936,#2321,#2322);
#2024=AXIS2_PLACEMENT_3D('',#2939,#2323,#2324);
#2025=AXIS2_PLACEMENT_3D('',#2940,#2325,#2326);
#2026=AXIS2_PLACEMENT_3D('',#2941,#2327,#2328);
#2027=AXIS2_PLACEMENT_3D('',#2942,#2329,#2330);
#2028=AXIS2_PLACEMENT_3D('',#2961,#2331,#2332);
#2029=AXIS2_PLACEMENT_3D('',#2962,#2333,#2334);
#2030=AXIS2_PLACEMENT_3D('',#2963,#2335,#2336);
#2031=AXIS2_PLACEMENT_3D('',#2982,#2337,#2338);
#2032=AXIS2_PLACEMENT_3D('',#2983,#2339,#2340);
#2033=AXIS2_PLACEMENT_3D('',#2984,#2341,#2342);
#2034=AXIS2_PLACEMENT_3D('',#2987,#2345,#2346);
#2035=AXIS2_PLACEMENT_3D('',#2991,#2348,#2349);
#2036=AXIS2_PLACEMENT_3D('',#3005,#2356,#2357);
#2037=AXIS2_PLACEMENT_3D('',#3011,#2360,#2361);
#2038=AXIS2_PLACEMENT_3D('',#3015,#2364,#2365);
#2039=AXIS2_PLACEMENT_3D('',#3018,#2367,#2368);
#2040=AXIS2_PLACEMENT_3D('',#3019,#2369,#2370);
#2041=AXIS2_PLACEMENT_3D('',#3024,#2374,#2375);
#2042=AXIS2_PLACEMENT_3D('',#3027,#2377,#2378);
#2043=AXIS2_PLACEMENT_3D('',#3028,#2379,#2380);
#2044=AXIS2_PLACEMENT_3D('',#3041,#2387,#2388);
#2045=AXIS2_PLACEMENT_3D('',#3044,#2389,#2390);
#2046=AXIS2_PLACEMENT_3D('',#3050,#2393,#2394);
#2047=AXIS2_PLACEMENT_3D('',#3054,#2397,#2398);
#2048=AXIS2_PLACEMENT_3D('',#3056,#2399,#2400);
#2049=AXIS2_PLACEMENT_3D('',#3060,#2402,#2403);
#2050=AXIS2_PLACEMENT_3D('',#3064,#2405,#2406);
#2051=AXIS2_PLACEMENT_3D('',#3068,#2408,#2409);
#2052=AXIS2_PLACEMENT_3D('',#3070,#2411,#2412);
#2053=AXIS2_PLACEMENT_3D('',#3072,#2413,#2414);
#2054=AXIS2_PLACEMENT_3D('',#3074,#2415,#2416);
#2055=AXIS2_PLACEMENT_3D('',#3076,#2418,#2419);
#2056=AXIS2_PLACEMENT_3D('',#3078,#2420,#2421);
#2057=AXIS2_PLACEMENT_3D('',#3079,#2422,#2423);
#2058=AXIS2_PLACEMENT_3D('',#3080,#2424,#2425);
#2059=AXIS2_PLACEMENT_3D('',#3081,#2426,#2427);
#2060=AXIS2_PLACEMENT_3D('',#3083,#2428,#2429);
#2061=AXIS2_PLACEMENT_3D('',#3085,#2431,#2432);
#2062=AXIS2_PLACEMENT_3D('',#3086,#2433,#2434);
#2063=AXIS2_PLACEMENT_3D('',#3087,#2435,#2436);
#2064=AXIS2_PLACEMENT_3D('',#3088,#2437,#2438);
#2065=AXIS2_PLACEMENT_3D('',#3089,#2439,#2440);
#2066=AXIS2_PLACEMENT_3D('',#3090,#2441,#2442);
#2067=AXIS2_PLACEMENT_3D('',#3092,#2443,#2444);
#2068=AXIS2_PLACEMENT_3D('',#3093,#2445,#2446);
#2069=AXIS2_PLACEMENT_3D('',#3094,#2447,#2448);
#2070=AXIS2_PLACEMENT_3D('',#3097,#2449,#2450);
#2071=AXIS2_PLACEMENT_3D('',#3098,#2451,#2452);
#2072=AXIS2_PLACEMENT_3D('',#3099,#2453,#2454);
#2073=AXIS2_PLACEMENT_3D('',#3100,#2455,#2456);
#2074=AXIS2_PLACEMENT_3D('',#3119,#2457,#2458);
#2075=AXIS2_PLACEMENT_3D('',#3120,#2459,#2460);
#2076=AXIS2_PLACEMENT_3D('',#3121,#2461,#2462);
#2077=AXIS2_PLACEMENT_3D('',#3140,#2463,#2464);
#2078=AXIS2_PLACEMENT_3D('',#3141,#2465,#2466);
#2079=AXIS2_PLACEMENT_3D('',#3142,#2467,#2468);
#2080=AXIS2_PLACEMENT_3D('',#3145,#2471,#2472);
#2081=AXIS2_PLACEMENT_3D('',#3148,#2474,#2475);
#2082=AXIS2_PLACEMENT_3D('',#3149,#2476,#2477);
#2083=AXIS2_PLACEMENT_3D('',#3153,#2480,#2481);
#2084=AXIS2_PLACEMENT_3D('',#3154,#2482,#2483);
#2085=AXIS2_PLACEMENT_3D('',#3155,#2484,#2485);
#2086=AXIS2_PLACEMENT_3D('',#3158,#2486,#2487);
#2087=AXIS2_PLACEMENT_3D('',#3162,#2489,#2490);
#2088=AXIS2_PLACEMENT_3D('',#3164,#2492,#2493);
#2089=AXIS2_PLACEMENT_3D('',#3175,#2500,#2501);
#2090=AXIS2_PLACEMENT_3D('',#3179,#2503,#2504);
#2091=AXIS2_PLACEMENT_3D('',#3183,#2506,#2507);
#2092=AXIS2_PLACEMENT_3D('',#3186,#2509,#2510);
#2093=AXIS2_PLACEMENT_3D('',#3195,#2514,#2515);
#2094=AXIS2_PLACEMENT_3D('',#3203,#2519,#2520);
#2095=AXIS2_PLACEMENT_3D('',#3211,#2524,#2525);
#2096=AXIS2_PLACEMENT_3D('',#3218,#2529,#2530);
#2097=AXIS2_PLACEMENT_3D('',#3219,#2531,#2532);
#2098=AXIS2_PLACEMENT_3D('',#3223,#2534,#2535);
#2099=AXIS2_PLACEMENT_3D('',#3225,#2537,#2538);
#2100=AXIS2_PLACEMENT_3D('',#3234,#2544,#2545);
#2101=AXIS2_PLACEMENT_3D('',#3236,#2546,#2547);
#2102=AXIS2_PLACEMENT_3D('',#3238,#2548,#2549);
#2103=AXIS2_PLACEMENT_3D('',#3239,#2550,#2551);
#2104=AXIS2_PLACEMENT_3D('',#3240,#2552,#2553);
#2105=AXIS2_PLACEMENT_3D('',#3243,#2555,#2556);
#2106=AXIS2_PLACEMENT_3D('',#3244,#2557,#2558);
#2107=AXIS2_PLACEMENT_3D('',#3246,#2559,#2560);
#2108=AXIS2_PLACEMENT_3D('',#3248,#2561,#2562);
#2109=AXIS2_PLACEMENT_3D('',#3249,#2563,#2564);
#2110=AXIS2_PLACEMENT_3D('',#3250,#2565,#2566);
#2111=AXIS2_PLACEMENT_3D('',#3252,#2567,#2568);
#2112=AXIS2_PLACEMENT_3D('',#3254,#2569,#2570);
#2113=AXIS2_PLACEMENT_3D('',#3255,#2571,#2572);
#2114=AXIS2_PLACEMENT_3D('',#3256,#2573,#2574);
#2115=AXIS2_PLACEMENT_3D('',#3259,#2577,#2578);
#2116=AXIS2_PLACEMENT_3D('',#3262,#2580,#2581);
#2117=AXIS2_PLACEMENT_3D('',#3263,#2582,#2583);
#2118=AXIS2_PLACEMENT_3D('',#3265,#2584,#2585);
#2119=AXIS2_PLACEMENT_3D('',#3267,#2586,#2587);
#2120=AXIS2_PLACEMENT_3D('',#3268,#2588,#2589);
#2121=AXIS2_PLACEMENT_3D('',#3269,#2590,#2591);
#2122=AXIS2_PLACEMENT_3D('',#3272,#2594,#2595);
#2123=AXIS2_PLACEMENT_3D('',#3274,#2597,#2598);
#2124=AXIS2_PLACEMENT_3D('',#3277,#2600,#2601);
#2125=AXIS2_PLACEMENT_3D('',#3278,#2602,#2603);
#2126=AXIS2_PLACEMENT_3D('',#3280,#2605,#2606);
#2127=AXIS2_PLACEMENT_3D('',#3282,#2608,#2609);
#2128=AXIS2_PLACEMENT_3D('',#3285,#2611,#2612);
#2129=AXIS2_PLACEMENT_3D('',#3286,#2613,#2614);
#2130=AXIS2_PLACEMENT_3D('',#3288,#2616,#2617);
#2131=AXIS2_PLACEMENT_3D('',#3290,#2619,#2620);
#2132=AXIS2_PLACEMENT_3D('',#3292,#2622,#2623);
#2133=AXIS2_PLACEMENT_3D('',#3294,#2624,#2625);
#2134=AXIS2_PLACEMENT_3D('',#3295,#2626,#2627);
#2135=AXIS2_PLACEMENT_3D('',#3296,#2628,#2629);
#2136=AXIS2_PLACEMENT_3D('',#3298,#2630,#2631);
#2137=AXIS2_PLACEMENT_3D('',#3299,#2632,#2633);
#2138=AXIS2_PLACEMENT_3D('',#3300,#2634,#2635);
#2139=AXIS2_PLACEMENT_3D('',#3302,#2637,#2638);
#2140=AXIS2_PLACEMENT_3D('',#3304,#2640,#2641);
#2141=AXIS2_PLACEMENT_3D('',#3306,#2643,#2644);
#2142=AXIS2_PLACEMENT_3D('',#3307,#2645,#2646);
#2143=AXIS2_PLACEMENT_3D('',#3308,#2647,#2648);
#2144=AXIS2_PLACEMENT_3D('',#3310,#2649,#2650);
#2145=AXIS2_PLACEMENT_3D('',#3311,#2651,#2652);
#2146=AXIS2_PLACEMENT_3D('',#3312,#2653,#2654);
#2147=AXIS2_PLACEMENT_3D('',#3314,#2655,#2656);
#2148=AXIS2_PLACEMENT_3D('',#3316,#2658,#2659);
#2149=AXIS2_PLACEMENT_3D('',#3318,#2660,#2661);
#2150=AXIS2_PLACEMENT_3D('',#3319,#2662,#2663);
#2151=AXIS2_PLACEMENT_3D('',#3320,#2664,#2665);
#2152=AXIS2_PLACEMENT_3D('',#3321,#2666,#2667);
#2153=AXIS2_PLACEMENT_3D('',#3323,#2668,#2669);
#2154=AXIS2_PLACEMENT_3D('',#3325,#2671,#2672);
#2155=AXIS2_PLACEMENT_3D('',#3326,#2673,#2674);
#2156=AXIS2_PLACEMENT_3D('',#3328,#2676,#2677);
#2157=AXIS2_PLACEMENT_3D('',#3329,#2678,#2679);
#2158=AXIS2_PLACEMENT_3D('',#3331,#2681,#2682);
#2159=AXIS2_PLACEMENT_3D('',#3333,#2683,#2684);
#2160=AXIS2_PLACEMENT_3D('',#3334,#2685,#2686);
#2161=AXIS2_PLACEMENT_3D('',#3335,#2687,#2688);
#2162=AXIS2_PLACEMENT_3D('',#3336,#2689,#2690);
#2163=AXIS2_PLACEMENT_3D('',#3338,#2692,#2693);
#2164=AXIS2_PLACEMENT_3D('',#3339,#2694,#2695);
#2165=AXIS2_PLACEMENT_3D('',#3340,#2696,#2697);
#2166=AXIS2_PLACEMENT_3D('',#3342,#2698,#2699);
#2167=AXIS2_PLACEMENT_3D('',#3343,#2700,#2701);
#2168=AXIS2_PLACEMENT_3D('',#3344,#2702,#2703);
#2169=AXIS2_PLACEMENT_3D('',#3346,#2705,#2706);
#2170=AXIS2_PLACEMENT_3D('',#3348,#2708,#2709);
#2171=AXIS2_PLACEMENT_3D('',#3349,#2710,#2711);
#2172=AXIS2_PLACEMENT_3D('',#3350,#2712,#2713);
#2173=AXIS2_PLACEMENT_3D('',#3364,#2714,#2715);
#2174=AXIS2_PLACEMENT_3D('',#3376,#2716,#2717);
#2175=AXIS2_PLACEMENT_3D('',#3377,#2718,#2719);
#2176=AXIS2_PLACEMENT_3D('',#3382,#2723,#2724);
#2177=AXIS2_PLACEMENT_3D('',#3391,#2729,#2730);
#2178=AXIS2_PLACEMENT_3D('',#3399,#2734,#2735);
#2179=AXIS2_PLACEMENT_3D('',#3407,#2739,#2740);
#2180=AXIS2_PLACEMENT_3D('',#3411,#2743,#2744);
#2181=AXIS2_PLACEMENT_3D('',#3434,#2745,#2746);
#2182=AXIS2_PLACEMENT_3D('',#3435,#2747,#2748);
#2183=AXIS2_PLACEMENT_3D('',#3438,#2751,#2752);
#2184=AXIS2_PLACEMENT_3D('',#3461,#2753,#2754);
#2185=AXIS2_PLACEMENT_3D('',#3462,#2755,#2756);
#2186=AXIS2_PLACEMENT_3D('',#3465,#2759,#2760);
#2187=AXIS2_PLACEMENT_3D('',#3488,#2761,#2762);
#2188=AXIS2_PLACEMENT_3D('',#3489,#2763,#2764);
#2189=AXIS2_PLACEMENT_3D('',#3492,#2767,#2768);
#2190=AXIS2_PLACEMENT_3D('',#3494,#2770,#2771);
#2191=AXIS2_PLACEMENT_3D('',#3496,#2773,#2774);
#2192=AXIS2_PLACEMENT_3D('',#3497,#2775,#2776);
#2193=AXIS2_PLACEMENT_3D('',#3499,#2778,#2779);
#2194=AXIS2_PLACEMENT_3D('',#3501,#2781,#2782);
#2195=AXIS2_PLACEMENT_3D('',#3502,#2783,#2784);
#2196=AXIS2_PLACEMENT_3D('',#3503,#2785,#2786);
#2197=AXIS2_PLACEMENT_3D('',#3505,#2788,#2789);
#2198=AXIS2_PLACEMENT_3D('',#3507,#2791,#2792);
#2199=AXIS2_PLACEMENT_3D('',#3509,#2794,#2795);
#2200=AXIS2_PLACEMENT_3D('',#3511,#2797,#2798);
#2201=AXIS2_PLACEMENT_3D('',#3512,#2799,#2800);
#2202=AXIS2_PLACEMENT_3D('',#3513,#2801,#2802);
#2203=AXIS2_PLACEMENT_3D('',#3514,#2803,#2804);
#2204=AXIS2_PLACEMENT_3D('',#3515,#2805,#2806);
#2205=AXIS2_PLACEMENT_3D('',#3518,#2807,#2808);
#2206=AXIS2_PLACEMENT_3D('',#3522,#2810,#2811);
#2207=AXIS2_PLACEMENT_3D('',#3524,#2813,#2814);
#2208=AXIS2_PLACEMENT_3D('',#3530,#2818,#2819);
#2209=AXIS2_PLACEMENT_3D('',#3534,#2821,#2822);
#2210=AXIS2_PLACEMENT_3D('',#3538,#2824,#2825);
#2211=AXIS2_PLACEMENT_3D('',#3541,#2827,#2828);
#2212=AXIS2_PLACEMENT_3D('',#3542,#2829,#2830);
#2213=AXIS2_PLACEMENT_3D('',#3545,#2833,#2834);
#2214=AXIS2_PLACEMENT_3D('',#3547,#2836,#2837);
#2215=AXIS2_PLACEMENT_3D('',#3549,#2839,#2840);
#2216=AXIS2_PLACEMENT_3D('',#3551,#2841,#2842);
#2217=AXIS2_PLACEMENT_3D('',#3553,#2844,#2845);
#2218=AXIS2_PLACEMENT_3D('',#3555,#2847,#2848);
#2219=AXIS2_PLACEMENT_3D('',#3557,#2850,#2851);
#2220=DIRECTION('axis',(0.,0.,1.));
#2221=DIRECTION('refdir',(1.,0.,0.));
#2222=DIRECTION('center_axis',(0.,0.,-1.));
#2223=DIRECTION('ref_axis',(1.,0.,0.));
#2224=DIRECTION('center_axis',(0.,0.,-1.));
#2225=DIRECTION('ref_axis',(1.,0.,0.));
#2226=DIRECTION('',(0.,0.,1.));
#2227=DIRECTION('center_axis',(0.,0.,1.));
#2228=DIRECTION('ref_axis',(1.,0.,0.));
#2229=DIRECTION('center_axis',(0.,0.,1.));
#2230=DIRECTION('ref_axis',(1.,0.,0.));
#2231=DIRECTION('center_axis',(0.,0.,-1.));
#2232=DIRECTION('ref_axis',(1.,0.,0.));
#2233=DIRECTION('center_axis',(0.,0.,-1.));
#2234=DIRECTION('ref_axis',(1.,0.,0.));
#2235=DIRECTION('',(0.,0.,1.));
#2236=DIRECTION('center_axis',(0.,0.,1.));
#2237=DIRECTION('ref_axis',(1.,0.,0.));
#2238=DIRECTION('center_axis',(0.,0.,1.));
#2239=DIRECTION('ref_axis',(1.,0.,0.));
#2240=DIRECTION('center_axis',(0.,0.,-1.));
#2241=DIRECTION('ref_axis',(1.,0.,0.));
#2242=DIRECTION('center_axis',(0.,0.,-1.));
#2243=DIRECTION('ref_axis',(1.,0.,0.));
#2244=DIRECTION('',(0.,0.,1.));
#2245=DIRECTION('center_axis',(0.,0.,1.));
#2246=DIRECTION('ref_axis',(1.,0.,0.));
#2247=DIRECTION('center_axis',(0.,0.,1.));
#2248=DIRECTION('ref_axis',(1.,0.,0.));
#2249=DIRECTION('center_axis',(0.,0.,-1.));
#2250=DIRECTION('ref_axis',(1.,0.,0.));
#2251=DIRECTION('center_axis',(0.,0.,-1.));
#2252=DIRECTION('ref_axis',(1.,0.,0.));
#2253=DIRECTION('',(0.,0.,1.));
#2254=DIRECTION('center_axis',(0.,0.,1.));
#2255=DIRECTION('ref_axis',(1.,0.,0.));
#2256=DIRECTION('center_axis',(0.,0.,1.));
#2257=DIRECTION('ref_axis',(1.,0.,0.));
#2258=DIRECTION('center_axis',(0.,0.,-1.));
#2259=DIRECTION('ref_axis',(1.,0.,0.));
#2260=DIRECTION('center_axis',(0.,0.,-1.));
#2261=DIRECTION('ref_axis',(1.,0.,0.));
#2262=DIRECTION('',(0.,0.,1.));
#2263=DIRECTION('center_axis',(0.,0.,1.));
#2264=DIRECTION('ref_axis',(1.,0.,0.));
#2265=DIRECTION('center_axis',(0.,0.,1.));
#2266=DIRECTION('ref_axis',(1.,0.,0.));
#2267=DIRECTION('center_axis',(0.,0.,-1.));
#2268=DIRECTION('ref_axis',(1.,0.,0.));
#2269=DIRECTION('center_axis',(0.,0.,-1.));
#2270=DIRECTION('ref_axis',(1.,0.,0.));
#2271=DIRECTION('',(0.,0.,-1.));
#2272=DIRECTION('center_axis',(0.,0.,1.));
#2273=DIRECTION('ref_axis',(1.,0.,0.));
#2274=DIRECTION('center_axis',(0.,0.,-1.));
#2275=DIRECTION('ref_axis',(1.,0.,0.));
#2276=DIRECTION('center_axis',(0.,0.,-1.));
#2277=DIRECTION('ref_axis',(1.,0.,0.));
#2278=DIRECTION('',(0.,0.,-1.));
#2279=DIRECTION('center_axis',(0.,0.,1.));
#2280=DIRECTION('ref_axis',(1.,0.,0.));
#2281=DIRECTION('center_axis',(0.,-1.,0.));
#2282=DIRECTION('ref_axis',(-0.707106781186547,0.,-0.707106781186548));
#2283=DIRECTION('center_axis',(0.,1.,0.));
#2284=DIRECTION('ref_axis',(0.,0.,-1.));
#2285=DIRECTION('',(0.,-1.,0.));
#2286=DIRECTION('center_axis',(0.,-1.,0.));
#2287=DIRECTION('ref_axis',(-1.,0.,0.));
#2288=DIRECTION('',(0.,1.,0.));
#2289=DIRECTION('center_axis',(0.,0.,1.));
#2290=DIRECTION('ref_axis',(1.,0.,0.));
#2291=DIRECTION('center_axis',(-1.,-2.77555756156289E-16,2.77555756156289E-16));
#2292=DIRECTION('ref_axis',(-2.77555756156289E-16,1.,0.));
#2293=DIRECTION('center_axis',(0.,0.,1.));
#2294=DIRECTION('ref_axis',(0.707106781186547,-0.707106781186547,0.));
#2295=DIRECTION('center_axis',(0.,0.,-1.));
#2296=DIRECTION('ref_axis',(0.707106781186547,-0.707106781186547,0.));
#2297=DIRECTION('center_axis',(0.,0.,1.));
#2298=DIRECTION('ref_axis',(1.,0.,0.));
#2299=DIRECTION('center_axis',(0.,1.,0.));
#2300=DIRECTION('ref_axis',(1.,0.,0.));
#2301=DIRECTION('center_axis',(0.,0.,1.));
#2302=DIRECTION('ref_axis',(-0.707106781186547,-0.707106781186547,0.));
#2303=DIRECTION('center_axis',(-1.,0.,2.77555756156289E-16));
#2304=DIRECTION('ref_axis',(0.,1.,0.));
#2305=DIRECTION('center_axis',(0.,0.,-1.));
#2306=DIRECTION('ref_axis',(-0.707106781186547,-0.707106781186547,0.));
#2307=DIRECTION('center_axis',(0.,1.,0.));
#2308=DIRECTION('ref_axis',(0.707106781186547,0.,-0.707106781186548));
#2309=DIRECTION('center_axis',(0.,1.,0.));
#2310=DIRECTION('ref_axis',(1.,0.,0.));
#2311=DIRECTION('',(0.,-1.,0.));
#2312=DIRECTION('',(0.,1.,0.));
#2313=DIRECTION('center_axis',(0.,0.,1.));
#2314=DIRECTION('ref_axis',(1.,0.,0.));
#2315=DIRECTION('center_axis',(0.459466666666666,0.888195013621571,4.13716596890158E-16));
#2316=DIRECTION('ref_axis',(0.888195013621571,-0.459466666666666,0.));
#2317=DIRECTION('center_axis',(0.,0.,1.));
#2318=DIRECTION('ref_axis',(-0.707106781186547,0.707106781186548,0.));
#2319=DIRECTION('center_axis',(0.,0.,-1.));
#2320=DIRECTION('ref_axis',(-0.707106781186547,0.707106781186548,0.));
#2321=DIRECTION('center_axis',(0.,0.,1.));
#2322=DIRECTION('ref_axis',(1.,0.,0.));
#2323=DIRECTION('center_axis',(-0.459466666666666,0.888195013621571,3.28698184826641E-16));
#2324=DIRECTION('ref_axis',(0.,3.70074341541719E-16,-1.));
#2325=DIRECTION('center_axis',(0.,0.,-1.));
#2326=DIRECTION('ref_axis',(0.707106781186547,0.707106781186548,0.));
#2327=DIRECTION('center_axis',(0.,0.,1.));
#2328=DIRECTION('ref_axis',(0.707106781186547,0.707106781186548,0.));
#2329=DIRECTION('center_axis',(0.,0.,-1.));
#2330=DIRECTION('ref_axis',(-1.,0.,0.));
#2331=DIRECTION('center_axis',(0.,0.,-1.));
#2332=DIRECTION('ref_axis',(0.,1.,0.));
#2333=DIRECTION('center_axis',(1.,0.,0.));
#2334=DIRECTION('ref_axis',(0.,-1.,0.));
#2335=DIRECTION('center_axis',(0.,0.,-1.));
#2336=DIRECTION('ref_axis',(-1.,0.,0.));
#2337=DIRECTION('center_axis',(-1.,0.,0.));
#2338=DIRECTION('ref_axis',(0.,0.,-1.));
#2339=DIRECTION('center_axis',(0.,0.,-1.));
#2340=DIRECTION('ref_axis',(0.,1.,0.));
#2341=DIRECTION('center_axis',(1.,0.,0.));
#2342=DIRECTION('ref_axis',(0.,-0.707106781186548,-0.707106781186548));
#2343=DIRECTION('',(-1.,0.,0.));
#2344=DIRECTION('',(1.,0.,0.));
#2345=DIRECTION('center_axis',(-1.,0.,0.));
#2346=DIRECTION('ref_axis',(0.,0.,1.));
#2347=DIRECTION('',(0.,0.,-1.));
#2348=DIRECTION('center_axis',(-1.,0.,0.));
#2349=DIRECTION('ref_axis',(0.,0.707106781186548,0.707106781186547));
#2350=DIRECTION('',(0.,1.,0.));
#2351=DIRECTION('',(0.,0.,1.));
#2352=DIRECTION('',(0.,1.,0.));
#2353=DIRECTION('',(0.,0.,-1.));
#2354=DIRECTION('',(0.,-1.,0.));
#2355=DIRECTION('',(0.,0.,1.));
#2356=DIRECTION('center_axis',(-1.,0.,0.));
#2357=DIRECTION('ref_axis',(0.,0.707106781186547,-0.707106781186548));
#2358=DIRECTION('',(0.,0.,-1.));
#2359=DIRECTION('',(0.,1.,0.));
#2360=DIRECTION('center_axis',(-1.,0.,0.));
#2361=DIRECTION('ref_axis',(0.,-0.707106781186548,0.707106781186547));
#2362=DIRECTION('',(0.,0.,1.));
#2363=DIRECTION('',(0.,-1.,0.));
#2364=DIRECTION('center_axis',(0.,0.,1.));
#2365=DIRECTION('ref_axis',(-0.707106781186547,-0.707106781186548,0.));
#2366=DIRECTION('',(0.,0.,1.));
#2367=DIRECTION('center_axis',(0.,0.,-1.));
#2368=DIRECTION('ref_axis',(0.,-1.,0.));
#2369=DIRECTION('center_axis',(0.,-1.,0.));
#2370=DIRECTION('ref_axis',(0.,0.,-1.));
#2371=DIRECTION('',(-1.,0.,0.));
#2372=DIRECTION('',(0.,0.,-1.));
#2373=DIRECTION('',(1.,0.,0.));
#2374=DIRECTION('center_axis',(0.,0.,-1.));
#2375=DIRECTION('ref_axis',(0.707106781186547,-0.707106781186548,0.));
#2376=DIRECTION('',(0.,0.,1.));
#2377=DIRECTION('center_axis',(0.,0.,-1.));
#2378=DIRECTION('ref_axis',(1.,0.,0.));
#2379=DIRECTION('center_axis',(1.,0.,0.));
#2380=DIRECTION('ref_axis',(0.,0.,-1.));
#2381=DIRECTION('',(0.,0.,-1.));
#2382=DIRECTION('',(0.,1.,0.));
#2383=DIRECTION('',(0.,0.,1.));
#2384=DIRECTION('',(0.,-1.,0.));
#2385=DIRECTION('',(0.,0.,-1.));
#2386=DIRECTION('',(0.,-1.,0.));
#2387=DIRECTION('center_axis',(1.,0.,0.));
#2388=DIRECTION('ref_axis',(0.,0.707106781186548,0.707106781186547));
#2389=DIRECTION('center_axis',(1.,0.,0.));
#2390=DIRECTION('ref_axis',(0.,0.707106781186547,-0.707106781186548));
#2391=DIRECTION('',(0.,1.,0.));
#2392=DIRECTION('',(0.,0.,-1.));
#2393=DIRECTION('center_axis',(1.,0.,0.));
#2394=DIRECTION('ref_axis',(0.,-0.707106781186548,0.707106781186547));
#2395=DIRECTION('',(0.,-1.,0.));
#2396=DIRECTION('',(0.,0.,1.));
#2397=DIRECTION('center_axis',(0.,0.,1.));
#2398=DIRECTION('ref_axis',(1.,0.,0.));
#2399=DIRECTION('center_axis',(0.,0.,1.));
#2400=DIRECTION('ref_axis',(0.707106781186547,0.707106781186547,0.));
#2401=DIRECTION('',(0.,1.,0.));
#2402=DIRECTION('center_axis',(0.,0.,1.));
#2403=DIRECTION('ref_axis',(0.707106781186547,-0.707106781186548,0.));
#2404=DIRECTION('',(1.,0.,0.));
#2405=DIRECTION('center_axis',(0.,0.,-1.));
#2406=DIRECTION('ref_axis',(0.707106781186546,-0.707106781186549,0.));
#2407=DIRECTION('',(0.,1.,0.));
#2408=DIRECTION('center_axis',(0.,0.,-1.));
#2409=DIRECTION('ref_axis',(0.707106781186546,0.707106781186549,0.));
#2410=DIRECTION('',(-1.,0.,0.));
#2411=DIRECTION('center_axis',(0.,1.,0.));
#2412=DIRECTION('ref_axis',(0.707106781186547,0.,-0.707106781186548));
#2413=DIRECTION('center_axis',(0.,-1.,0.));
#2414=DIRECTION('ref_axis',(0.,0.,-1.));
#2415=DIRECTION('center_axis',(0.,1.,0.));
#2416=DIRECTION('ref_axis',(1.,0.,0.));
#2417=DIRECTION('',(0.,-1.,0.));
#2418=DIRECTION('center_axis',(0.,0.,1.));
#2419=DIRECTION('ref_axis',(1.,0.,0.));
#2420=DIRECTION('center_axis',(1.,2.77555756156289E-16,0.));
#2421=DIRECTION('ref_axis',(2.77555756156289E-16,-1.,0.));
#2422=DIRECTION('center_axis',(0.,0.,1.));
#2423=DIRECTION('ref_axis',(-0.707106781186547,0.707106781186547,0.));
#2424=DIRECTION('center_axis',(0.,0.,-1.));
#2425=DIRECTION('ref_axis',(-0.707106781186547,0.707106781186547,0.));
#2426=DIRECTION('center_axis',(1.,0.,0.));
#2427=DIRECTION('ref_axis',(0.,-0.707106781186548,-0.707106781186548));
#2428=DIRECTION('center_axis',(1.,0.,0.));
#2429=DIRECTION('ref_axis',(0.,-1.,0.));
#2430=DIRECTION('',(1.,0.,0.));
#2431=DIRECTION('center_axis',(0.,0.,1.));
#2432=DIRECTION('ref_axis',(1.,0.,0.));
#2433=DIRECTION('center_axis',(1.85037170770859E-16,-1.,0.));
#2434=DIRECTION('ref_axis',(-1.,-1.85037170770859E-16,0.));
#2435=DIRECTION('center_axis',(0.,0.,-1.));
#2436=DIRECTION('ref_axis',(0.707106781186547,0.707106781186547,0.));
#2437=DIRECTION('center_axis',(0.,-1.,0.));
#2438=DIRECTION('ref_axis',(-0.707106781186547,0.,-0.707106781186548));
#2439=DIRECTION('center_axis',(0.,-1.,0.));
#2440=DIRECTION('ref_axis',(-1.,0.,0.));
#2441=DIRECTION('center_axis',(0.,0.,1.));
#2442=DIRECTION('ref_axis',(1.,0.,0.));
#2443=DIRECTION('center_axis',(-0.459466666666666,-0.888195013621571,4.13716596890158E-16));
#2444=DIRECTION('ref_axis',(-0.888195013621571,0.459466666666666,0.));
#2445=DIRECTION('center_axis',(0.,0.,-1.));
#2446=DIRECTION('ref_axis',(0.707106781186547,-0.707106781186548,0.));
#2447=DIRECTION('center_axis',(0.,0.,1.));
#2448=DIRECTION('ref_axis',(1.,0.,0.));
#2449=DIRECTION('center_axis',(0.459466666666666,-0.888195013621571,3.28698184826641E-16));
#2450=DIRECTION('ref_axis',(0.,-3.70074341541719E-16,-1.));
#2451=DIRECTION('center_axis',(0.,0.,-1.));
#2452=DIRECTION('ref_axis',(-0.707106781186547,-0.707106781186548,0.));
#2453=DIRECTION('center_axis',(0.,0.,1.));
#2454=DIRECTION('ref_axis',(-0.707106781186547,-0.707106781186548,0.));
#2455=DIRECTION('center_axis',(0.,0.,-1.));
#2456=DIRECTION('ref_axis',(-1.,0.,0.));
#2457=DIRECTION('center_axis',(0.,0.,-1.));
#2458=DIRECTION('ref_axis',(0.,-1.,0.));
#2459=DIRECTION('center_axis',(-1.,0.,0.));
#2460=DIRECTION('ref_axis',(0.,1.,0.));
#2461=DIRECTION('center_axis',(0.,0.,-1.));
#2462=DIRECTION('ref_axis',(-1.,0.,0.));
#2463=DIRECTION('center_axis',(1.,0.,0.));
#2464=DIRECTION('ref_axis',(0.,0.,-1.));
#2465=DIRECTION('center_axis',(0.,0.,-1.));
#2466=DIRECTION('ref_axis',(0.,-1.,0.));
#2467=DIRECTION('center_axis',(-1.,0.,0.));
#2468=DIRECTION('ref_axis',(0.,0.707106781186547,-0.707106781186548));
#2469=DIRECTION('',(1.,0.,0.));
#2470=DIRECTION('',(-1.,0.,0.));
#2471=DIRECTION('center_axis',(0.,0.,1.));
#2472=DIRECTION('ref_axis',(0.707106781186547,0.707106781186548,0.));
#2473=DIRECTION('',(0.,0.,1.));
#2474=DIRECTION('center_axis',(0.,0.707106781186547,0.707106781186548));
#2475=DIRECTION('ref_axis',(0.,-0.707106781186548,0.707106781186547));
#2476=DIRECTION('center_axis',(0.,1.,0.));
#2477=DIRECTION('ref_axis',(0.,0.,1.));
#2478=DIRECTION('',(0.,0.,-1.));
#2479=DIRECTION('',(1.,0.,0.));
#2480=DIRECTION('center_axis',(0.,0.,-1.));
#2481=DIRECTION('ref_axis',(-0.707106781186547,0.707106781186548,0.));
#2482=DIRECTION('center_axis',(0.,-0.707106781186547,-0.707106781186548));
#2483=DIRECTION('ref_axis',(0.,-0.707106781186548,0.707106781186547));
#2484=DIRECTION('center_axis',(1.,0.,0.));
#2485=DIRECTION('ref_axis',(0.,0.707106781186549,0.707106781186546));
#2486=DIRECTION('center_axis',(-1.,0.,0.));
#2487=DIRECTION('ref_axis',(0.,0.707106781186549,0.707106781186546));
#2488=DIRECTION('',(-1.,0.,0.));
#2489=DIRECTION('center_axis',(1.,0.,0.));
#2490=DIRECTION('ref_axis',(0.,0.707106781186549,0.707106781186546));
#2491=DIRECTION('',(1.,0.,0.));
#2492=DIRECTION('center_axis',(0.,1.,0.));
#2493=DIRECTION('ref_axis',(0.,0.,1.));
#2494=DIRECTION('',(0.,0.,-1.));
#2495=DIRECTION('',(-1.,0.,0.));
#2496=DIRECTION('',(0.,0.,-1.));
#2497=DIRECTION('',(0.,0.,1.));
#2498=DIRECTION('',(-1.,0.,0.));
#2499=DIRECTION('',(0.,0.,1.));
#2500=DIRECTION('center_axis',(1.,0.,0.));
#2501=DIRECTION('ref_axis',(0.,0.,-1.));
#2502=DIRECTION('',(0.,-1.,0.));
#2503=DIRECTION('center_axis',(-1.,0.,0.));
#2504=DIRECTION('ref_axis',(0.,-0.707106781186549,0.707106781186546));
#2505=DIRECTION('',(0.,0.,-1.));
#2506=DIRECTION('center_axis',(-1.,0.,0.));
#2507=DIRECTION('ref_axis',(0.,-0.707106781186548,0.707106781186547));
#2508=DIRECTION('',(0.,-1.,0.));
#2509=DIRECTION('center_axis',(-1.,0.,0.));
#2510=DIRECTION('ref_axis',(0.,0.707106781186548,0.707106781186547));
#2511=DIRECTION('',(0.,-1.,0.));
#2512=DIRECTION('',(0.,0.,1.));
#2513=DIRECTION('',(0.,1.,0.));
#2514=DIRECTION('center_axis',(-1.,0.,0.));
#2515=DIRECTION('ref_axis',(0.,-1.,0.));
#2516=DIRECTION('',(0.,9.91270557701032E-17,1.));
#2517=DIRECTION('',(0.,1.,0.));
#2518=DIRECTION('',(0.,0.,-1.));
#2519=DIRECTION('center_axis',(-1.,0.,0.));
#2520=DIRECTION('ref_axis',(0.,-1.,0.));
#2521=DIRECTION('',(0.,1.,0.));
#2522=DIRECTION('',(0.,0.,-1.));
#2523=DIRECTION('',(0.,-1.,0.));
#2524=DIRECTION('center_axis',(-1.,0.,0.));
#2525=DIRECTION('ref_axis',(0.,-1.,0.));
#2526=DIRECTION('',(0.,0.,-1.));
#2527=DIRECTION('',(0.,-1.,0.));
#2528=DIRECTION('',(0.,9.91270557701032E-17,1.));
#2529=DIRECTION('center_axis',(-1.,0.,0.));
#2530=DIRECTION('ref_axis',(0.,-1.,0.));
#2531=DIRECTION('center_axis',(1.,0.,0.));
#2532=DIRECTION('ref_axis',(0.,-0.707106781186549,0.707106781186546));
#2533=DIRECTION('',(-1.,0.,0.));
#2534=DIRECTION('center_axis',(1.,0.,0.));
#2535=DIRECTION('ref_axis',(0.,-0.707106781186549,0.707106781186546));
#2536=DIRECTION('',(1.,0.,0.));
#2537=DIRECTION('center_axis',(0.,-1.,0.));
#2538=DIRECTION('ref_axis',(0.,0.,-1.));
#2539=DIRECTION('',(0.,0.,-1.));
#2540=DIRECTION('',(1.,0.,0.));
#2541=DIRECTION('',(0.,0.,1.));
#2542=DIRECTION('',(1.,0.,0.));
#2543=DIRECTION('',(0.,0.,1.));
#2544=DIRECTION('center_axis',(-1.,0.,0.));
#2545=DIRECTION('ref_axis',(0.,0.,1.));
#2546=DIRECTION('center_axis',(0.,0.,-1.));
#2547=DIRECTION('ref_axis',(0.,1.,0.));
#2548=DIRECTION('center_axis',(-1.,0.,0.));
#2549=DIRECTION('ref_axis',(0.,0.,1.));
#2550=DIRECTION('center_axis',(0.,1.,0.));
#2551=DIRECTION('ref_axis',(1.,0.,0.));
#2552=DIRECTION('center_axis',(0.,0.,1.));
#2553=DIRECTION('ref_axis',(0.707106781186547,0.707106781186548,0.));
#2554=DIRECTION('',(0.,0.,1.));
#2555=DIRECTION('center_axis',(0.,-0.707106781186548,0.707106781186547));
#2556=DIRECTION('ref_axis',(0.,-0.707106781186547,-0.707106781186548));
#2557=DIRECTION('center_axis',(-1.,0.,0.));
#2558=DIRECTION('ref_axis',(0.,0.,1.));
#2559=DIRECTION('center_axis',(0.,0.,1.));
#2560=DIRECTION('ref_axis',(0.,-1.,0.));
#2561=DIRECTION('center_axis',(-1.,0.,0.));
#2562=DIRECTION('ref_axis',(0.,0.,-1.));
#2563=DIRECTION('center_axis',(0.,-1.,0.));
#2564=DIRECTION('ref_axis',(1.,0.,0.));
#2565=DIRECTION('center_axis',(1.,0.,0.));
#2566=DIRECTION('ref_axis',(0.,0.,-1.));
#2567=DIRECTION('center_axis',(0.,1.,0.));
#2568=DIRECTION('ref_axis',(0.,0.,-1.));
#2569=DIRECTION('center_axis',(1.,0.,0.));
#2570=DIRECTION('ref_axis',(0.,-1.,0.));
#2571=DIRECTION('center_axis',(0.,0.,-1.));
#2572=DIRECTION('ref_axis',(-1.,0.,0.));
#2573=DIRECTION('center_axis',(-1.,0.,0.));
#2574=DIRECTION('ref_axis',(0.,-0.707106781186547,0.707106781186548));
#2575=DIRECTION('',(1.,0.,0.));
#2576=DIRECTION('',(-1.,0.,0.));
#2577=DIRECTION('center_axis',(0.,-1.,0.));
#2578=DIRECTION('ref_axis',(-0.707106781186547,0.,-0.707106781186548));
#2579=DIRECTION('',(0.,-1.,0.));
#2580=DIRECTION('center_axis',(0.,-0.707106781186547,0.707106781186548));
#2581=DIRECTION('ref_axis',(0.,0.707106781186548,0.707106781186547));
#2582=DIRECTION('center_axis',(1.,0.,0.));
#2583=DIRECTION('ref_axis',(0.,0.,-1.));
#2584=DIRECTION('center_axis',(0.,-1.,0.));
#2585=DIRECTION('ref_axis',(0.,0.,1.));
#2586=DIRECTION('center_axis',(1.,0.,0.));
#2587=DIRECTION('ref_axis',(0.,1.,0.));
#2588=DIRECTION('center_axis',(0.,0.,1.));
#2589=DIRECTION('ref_axis',(-1.,0.,0.));
#2590=DIRECTION('center_axis',(1.,0.,0.));
#2591=DIRECTION('ref_axis',(0.,0.707106781186547,-0.707106781186548));
#2592=DIRECTION('',(-1.,0.,0.));
#2593=DIRECTION('',(1.,0.,0.));
#2594=DIRECTION('center_axis',(0.,0.,1.));
#2595=DIRECTION('ref_axis',(-0.707106781186547,-0.707106781186548,0.));
#2596=DIRECTION('',(0.,0.,1.));
#2597=DIRECTION('center_axis',(0.,1.,0.));
#2598=DIRECTION('ref_axis',(-0.707106781186547,0.,0.707106781186548));
#2599=DIRECTION('',(0.,1.,0.));
#2600=DIRECTION('center_axis',(0.,0.707106781186548,-0.707106781186547));
#2601=DIRECTION('ref_axis',(0.,-0.707106781186547,-0.707106781186548));
#2602=DIRECTION('center_axis',(0.,0.,-1.));
#2603=DIRECTION('ref_axis',(-0.707106781186547,0.707106781186548,0.));
#2604=DIRECTION('',(0.,0.,-1.));
#2605=DIRECTION('center_axis',(0.,-1.,0.));
#2606=DIRECTION('ref_axis',(0.707106781186547,0.,0.707106781186548));
#2607=DIRECTION('',(0.,-1.,0.));
#2608=DIRECTION('center_axis',(0.,0.,-1.));
#2609=DIRECTION('ref_axis',(0.707106781186547,-0.707106781186548,0.));
#2610=DIRECTION('',(0.,0.,-1.));
#2611=DIRECTION('center_axis',(0.,0.707106781186547,-0.707106781186548));
#2612=DIRECTION('ref_axis',(0.,0.707106781186548,0.707106781186547));
#2613=DIRECTION('center_axis',(0.,1.,0.));
#2614=DIRECTION('ref_axis',(0.707106781186547,0.,-0.707106781186548));
#2615=DIRECTION('',(0.,1.,0.));
#2616=DIRECTION('center_axis',(0.,0.,1.));
#2617=DIRECTION('ref_axis',(0.,-1.,0.));
#2618=DIRECTION('',(1.,0.,0.));
#2619=DIRECTION('center_axis',(0.,-1.,0.));
#2620=DIRECTION('ref_axis',(0.,0.,-1.));
#2621=DIRECTION('',(1.,0.,0.));
#2622=DIRECTION('center_axis',(-1.,0.,0.));
#2623=DIRECTION('ref_axis',(0.,0.,1.));
#2624=DIRECTION('center_axis',(0.,-1.,0.));
#2625=DIRECTION('ref_axis',(0.,0.,-1.));
#2626=DIRECTION('center_axis',(-1.,0.,0.));
#2627=DIRECTION('ref_axis',(0.,1.,0.));
#2628=DIRECTION('center_axis',(1.,0.,0.));
#2629=DIRECTION('ref_axis',(0.,0.,-1.));
#2630=DIRECTION('center_axis',(1.,0.,0.));
#2631=DIRECTION('ref_axis',(0.,0.,1.));
#2632=DIRECTION('center_axis',(0.,-1.,0.));
#2633=DIRECTION('ref_axis',(-1.,0.,0.));
#2634=DIRECTION('center_axis',(1.,0.,0.));
#2635=DIRECTION('ref_axis',(0.,0.707106781186548,0.707106781186547));
#2636=DIRECTION('',(-1.,0.,0.));
#2637=DIRECTION('center_axis',(0.,-1.,0.));
#2638=DIRECTION('ref_axis',(-0.707106781186548,0.,-0.707106781186547));
#2639=DIRECTION('',(0.,-1.,0.));
#2640=DIRECTION('center_axis',(0.,1.,0.));
#2641=DIRECTION('ref_axis',(0.707106781186548,0.,-0.707106781186547));
#2642=DIRECTION('',(0.,1.,0.));
#2643=DIRECTION('center_axis',(0.,0.,-1.));
#2644=DIRECTION('ref_axis',(0.,1.,0.));
#2645=DIRECTION('center_axis',(-0.408248290463863,-0.408248290463862,-0.816496580927726));
#2646=DIRECTION('ref_axis',(-0.577350269189626,-0.577350269189626,0.577350269189626));
#2647=DIRECTION('center_axis',(0.,0.,1.));
#2648=DIRECTION('ref_axis',(0.,-1.,0.));
#2649=DIRECTION('center_axis',(-1.,0.,0.));
#2650=DIRECTION('ref_axis',(0.,0.,1.));
#2651=DIRECTION('center_axis',(0.,-1.,-1.48029736616688E-15));
#2652=DIRECTION('ref_axis',(-1.,0.,0.));
#2653=DIRECTION('center_axis',(-1.,0.,0.));
#2654=DIRECTION('ref_axis',(0.,-0.707106781186548,0.707106781186547));
#2655=DIRECTION('center_axis',(1.,0.,0.));
#2656=DIRECTION('ref_axis',(0.,-0.707106781186548,0.707106781186547));
#2657=DIRECTION('',(-1.,0.,0.));
#2658=DIRECTION('center_axis',(-0.408248290463863,0.408248290463862,-0.816496580927726));
#2659=DIRECTION('ref_axis',(-0.577350269189626,0.577350269189626,0.577350269189626));
#2660=DIRECTION('center_axis',(-7.40148683083438E-16,1.,0.));
#2661=DIRECTION('ref_axis',(0.,0.,1.));
#2662=DIRECTION('center_axis',(-1.,0.,0.));
#2663=DIRECTION('ref_axis',(0.,1.,0.));
#2664=DIRECTION('center_axis',(0.,0.,1.));
#2665=DIRECTION('ref_axis',(-1.,0.,0.));
#2666=DIRECTION('center_axis',(1.,0.,0.));
#2667=DIRECTION('ref_axis',(0.,0.707106781186548,0.707106781186547));
#2668=DIRECTION('center_axis',(1.,0.,0.));
#2669=DIRECTION('ref_axis',(0.,0.707106781186548,0.707106781186547));
#2670=DIRECTION('',(1.,0.,0.));
#2671=DIRECTION('center_axis',(0.,0.,-1.));
#2672=DIRECTION('ref_axis',(-0.707106781186547,0.707106781186548,0.));
#2673=DIRECTION('center_axis',(0.,1.,0.));
#2674=DIRECTION('ref_axis',(-0.707106781186549,0.,0.707106781186546));
#2675=DIRECTION('',(0.,1.,0.));
#2676=DIRECTION('center_axis',(0.,0.,1.));
#2677=DIRECTION('ref_axis',(-0.707106781186547,-0.707106781186548,0.));
#2678=DIRECTION('center_axis',(0.,0.,1.));
#2679=DIRECTION('ref_axis',(0.,-1.,0.));
#2680=DIRECTION('',(0.,1.,0.));
#2681=DIRECTION('center_axis',(0.408248290463863,-0.408248290463862,-0.816496580927726));
#2682=DIRECTION('ref_axis',(0.577350269189626,-0.577350269189626,0.577350269189626));
#2683=DIRECTION('center_axis',(1.48029736616688E-15,-1.,0.));
#2684=DIRECTION('ref_axis',(0.,0.,1.));
#2685=DIRECTION('center_axis',(1.,0.,0.));
#2686=DIRECTION('ref_axis',(0.,-1.,0.));
#2687=DIRECTION('center_axis',(0.,0.,1.));
#2688=DIRECTION('ref_axis',(1.,0.,0.));
#2689=DIRECTION('center_axis',(-1.,0.,0.));
#2690=DIRECTION('ref_axis',(0.,-0.707106781186548,0.707106781186547));
#2691=DIRECTION('',(-1.,0.,0.));
#2692=DIRECTION('center_axis',(0.,0.,-1.));
#2693=DIRECTION('ref_axis',(0.707106781186547,-0.707106781186548,0.));
#2694=DIRECTION('center_axis',(0.408248290463863,0.408248290463862,-0.816496580927726));
#2695=DIRECTION('ref_axis',(0.577350269189626,0.577350269189626,0.577350269189626));
#2696=DIRECTION('center_axis',(0.,0.,1.));
#2697=DIRECTION('ref_axis',(0.,1.,0.));
#2698=DIRECTION('center_axis',(1.,0.,0.));
#2699=DIRECTION('ref_axis',(0.,0.,1.));
#2700=DIRECTION('center_axis',(0.,1.,-7.40148683083438E-16));
#2701=DIRECTION('ref_axis',(1.,0.,0.));
#2702=DIRECTION('center_axis',(1.,0.,0.));
#2703=DIRECTION('ref_axis',(0.,0.707106781186548,0.707106781186547));
#2704=DIRECTION('',(1.,0.,0.));
#2705=DIRECTION('center_axis',(0.,-1.,0.));
#2706=DIRECTION('ref_axis',(0.707106781186549,0.,0.707106781186546));
#2707=DIRECTION('',(0.,-1.,0.));
#2708=DIRECTION('center_axis',(0.,0.,1.));
#2709=DIRECTION('ref_axis',(0.707106781186547,0.707106781186548,0.));
#2710=DIRECTION('center_axis',(0.,0.,1.));
#2711=DIRECTION('ref_axis',(0.,-1.,0.));
#2712=DIRECTION('center_axis',(1.,0.,0.));
#2713=DIRECTION('ref_axis',(0.,0.,-1.));
#2714=DIRECTION('center_axis',(-1.,0.,0.));
#2715=DIRECTION('ref_axis',(0.,-0.707106781186547,-0.707106781186548));
#2716=DIRECTION('center_axis',(1.,0.,0.));
#2717=DIRECTION('ref_axis',(0.,-0.707106781186547,-0.707106781186548));
#2718=DIRECTION('center_axis',(0.,0.,-1.));
#2719=DIRECTION('ref_axis',(0.,1.,0.));
#2720=DIRECTION('',(0.,1.,0.));
#2721=DIRECTION('',(1.,0.,0.));
#2722=DIRECTION('',(1.,0.,0.));
#2723=DIRECTION('center_axis',(-1.,0.,0.));
#2724=DIRECTION('ref_axis',(0.,0.,1.));
#2725=DIRECTION('',(0.,1.,0.));
#2726=DIRECTION('',(0.,-9.91270557701032E-17,-1.));
#2727=DIRECTION('',(0.,1.,0.));
#2728=DIRECTION('',(0.,0.,1.));
#2729=DIRECTION('center_axis',(-1.,0.,0.));
#2730=DIRECTION('ref_axis',(0.,0.707106781186547,-0.707106781186548));
#2731=DIRECTION('',(0.,1.,0.));
#2732=DIRECTION('',(0.,0.,1.));
#2733=DIRECTION('',(0.,-1.,0.));
#2734=DIRECTION('center_axis',(-1.,0.,0.));
#2735=DIRECTION('ref_axis',(0.,0.707106781186547,0.707106781186548));
#2736=DIRECTION('',(0.,0.,1.));
#2737=DIRECTION('',(0.,-1.,0.));
#2738=DIRECTION('',(0.,-9.91270557701032E-17,-1.));
#2739=DIRECTION('center_axis',(-1.,0.,0.));
#2740=DIRECTION('ref_axis',(0.,-0.707106781186547,0.707106781186548));
#2741=DIRECTION('',(0.,-1.,0.));
#2742=DIRECTION('',(0.,0.,-1.));
#2743=DIRECTION('center_axis',(1.,0.,0.));
#2744=DIRECTION('ref_axis',(0.,0.,-1.));
#2745=DIRECTION('center_axis',(1.,0.,0.));
#2746=DIRECTION('ref_axis',(0.,-0.707106781186547,0.707106781186548));
#2747=DIRECTION('center_axis',(0.,-1.,9.91270557701032E-17));
#2748=DIRECTION('ref_axis',(0.,-9.91270557701032E-17,-1.));
#2749=DIRECTION('',(1.,0.,0.));
#2750=DIRECTION('',(1.,0.,0.));
#2751=DIRECTION('center_axis',(1.,0.,0.));
#2752=DIRECTION('ref_axis',(0.,0.,-1.));
#2753=DIRECTION('center_axis',(1.,0.,0.));
#2754=DIRECTION('ref_axis',(0.,0.707106781186547,0.707106781186548));
#2755=DIRECTION('center_axis',(0.,0.,1.));
#2756=DIRECTION('ref_axis',(0.,-1.,0.));
#2757=DIRECTION('',(1.,0.,0.));
#2758=DIRECTION('',(1.,0.,0.));
#2759=DIRECTION('center_axis',(1.,0.,0.));
#2760=DIRECTION('ref_axis',(0.,0.,-1.));
#2761=DIRECTION('center_axis',(1.,0.,0.));
#2762=DIRECTION('ref_axis',(0.,0.707106781186547,-0.707106781186548));
#2763=DIRECTION('center_axis',(0.,0.,-1.));
#2764=DIRECTION('ref_axis',(0.,1.,0.));
#2765=DIRECTION('',(1.,0.,0.));
#2766=DIRECTION('',(1.,0.,0.));
#2767=DIRECTION('center_axis',(0.,-1.,0.));
#2768=DIRECTION('ref_axis',(0.,0.,-1.));
#2769=DIRECTION('',(1.,0.,0.));
#2770=DIRECTION('center_axis',(0.,0.,1.));
#2771=DIRECTION('ref_axis',(0.,-1.,0.));
#2772=DIRECTION('',(1.,0.,0.));
#2773=DIRECTION('center_axis',(1.,0.,0.));
#2774=DIRECTION('ref_axis',(0.,-1.,0.));
#2775=DIRECTION('center_axis',(0.,0.,1.));
#2776=DIRECTION('ref_axis',(0.,-1.,0.));
#2777=DIRECTION('',(1.,0.,0.));
#2778=DIRECTION('center_axis',(0.,1.,0.));
#2779=DIRECTION('ref_axis',(0.,0.,1.));
#2780=DIRECTION('',(1.,0.,0.));
#2781=DIRECTION('center_axis',(1.,0.,0.));
#2782=DIRECTION('ref_axis',(0.,-1.,0.));
#2783=DIRECTION('center_axis',(0.,1.,0.));
#2784=DIRECTION('ref_axis',(0.,0.,1.));
#2785=DIRECTION('center_axis',(1.,0.,0.));
#2786=DIRECTION('ref_axis',(0.,-1.,0.));
#2787=DIRECTION('',(1.,0.,0.));
#2788=DIRECTION('center_axis',(0.,1.,0.));
#2789=DIRECTION('ref_axis',(0.,0.,1.));
#2790=DIRECTION('',(1.,0.,0.));
#2791=DIRECTION('center_axis',(0.,0.,-1.));
#2792=DIRECTION('ref_axis',(0.,1.,0.));
#2793=DIRECTION('',(1.,0.,0.));
#2794=DIRECTION('center_axis',(0.,-1.,9.91270557701032E-17));
#2795=DIRECTION('ref_axis',(0.,-9.91270557701032E-17,-1.));
#2796=DIRECTION('',(1.,0.,0.));
#2797=DIRECTION('center_axis',(1.,0.,0.));
#2798=DIRECTION('ref_axis',(0.,-1.,0.));
#2799=DIRECTION('center_axis',(0.,0.,1.));
#2800=DIRECTION('ref_axis',(0.,-1.,0.));
#2801=DIRECTION('center_axis',(0.,1.,0.));
#2802=DIRECTION('ref_axis',(0.,0.,1.));
#2803=DIRECTION('center_axis',(0.,0.,-1.));
#2804=DIRECTION('ref_axis',(0.,1.,0.));
#2805=DIRECTION('center_axis',(0.,0.,1.));
#2806=DIRECTION('ref_axis',(-0.707106781186546,0.707106781186549,0.));
#2807=DIRECTION('center_axis',(0.,0.,-1.));
#2808=DIRECTION('ref_axis',(-0.707106781186546,0.707106781186549,0.));
#2809=DIRECTION('',(0.,0.,-1.));
#2810=DIRECTION('center_axis',(0.,0.,1.));
#2811=DIRECTION('ref_axis',(-0.707106781186546,0.707106781186549,0.));
#2812=DIRECTION('',(0.,0.,1.));
#2813=DIRECTION('center_axis',(-1.,0.,0.));
#2814=DIRECTION('ref_axis',(0.,-1.,0.));
#2815=DIRECTION('',(0.,1.,0.));
#2816=DIRECTION('',(0.,0.,-1.));
#2817=DIRECTION('',(0.,-1.,0.));
#2818=DIRECTION('center_axis',(0.,0.,1.));
#2819=DIRECTION('ref_axis',(1.,0.,0.));
#2820=DIRECTION('',(1.,0.,0.));
#2821=DIRECTION('center_axis',(0.,0.,1.));
#2822=DIRECTION('ref_axis',(0.707106781186546,0.707106781186549,0.));
#2823=DIRECTION('',(0.,-1.,0.));
#2824=DIRECTION('center_axis',(0.,0.,1.));
#2825=DIRECTION('ref_axis',(0.707106781186546,-0.707106781186549,0.));
#2826=DIRECTION('',(-1.,0.,0.));
#2827=DIRECTION('center_axis',(0.,0.,1.));
#2828=DIRECTION('ref_axis',(-0.707106781186546,-0.707106781186549,0.));
#2829=DIRECTION('center_axis',(0.,0.,1.));
#2830=DIRECTION('ref_axis',(0.707106781186546,0.707106781186549,0.));
#2831=DIRECTION('',(0.,0.,-1.));
#2832=DIRECTION('',(0.,0.,1.));
#2833=DIRECTION('center_axis',(1.,0.,0.));
#2834=DIRECTION('ref_axis',(0.,1.,0.));
#2835=DIRECTION('',(0.,0.,1.));
#2836=DIRECTION('center_axis',(0.,0.,1.));
#2837=DIRECTION('ref_axis',(0.707106781186546,-0.707106781186549,0.));
#2838=DIRECTION('',(0.,0.,-1.));
#2839=DIRECTION('center_axis',(0.,0.,1.));
#2840=DIRECTION('ref_axis',(-0.707106781186546,-0.707106781186549,0.));
#2841=DIRECTION('center_axis',(0.,0.,-1.));
#2842=DIRECTION('ref_axis',(-0.707106781186546,-0.707106781186549,0.));
#2843=DIRECTION('',(0.,0.,1.));
#2844=DIRECTION('center_axis',(0.,-1.,0.));
#2845=DIRECTION('ref_axis',(1.,0.,0.));
#2846=DIRECTION('',(1.,0.,0.));
#2847=DIRECTION('center_axis',(0.,1.,0.));
#2848=DIRECTION('ref_axis',(-1.,0.,0.));
#2849=DIRECTION('',(-1.,0.,0.));
#2850=DIRECTION('center_axis',(0.,0.,1.));
#2851=DIRECTION('ref_axis',(1.,0.,0.));
#2852=CARTESIAN_POINT('',(0.,0.,0.));
#2853=CARTESIAN_POINT('Origin',(0.,0.,0.));
#2854=CARTESIAN_POINT('',(-2.083,-2.55093928262394E-16,-3.));
#2855=CARTESIAN_POINT('Origin',(0.,0.,-3.));
#2856=CARTESIAN_POINT('',(-2.083,-2.55093928262394E-16,0.));
#2857=CARTESIAN_POINT('',(-2.083,2.55093928262394E-16,0.));
#2858=CARTESIAN_POINT('Origin',(0.,0.,0.));
#2859=CARTESIAN_POINT('Origin',(0.,0.,-3.));
#2860=CARTESIAN_POINT('Origin',(12.7,-12.7,0.));
#2861=CARTESIAN_POINT('',(10.54,-12.7,-3.));
#2862=CARTESIAN_POINT('Origin',(12.7,-12.7,-3.));
#2863=CARTESIAN_POINT('',(10.54,-12.7,0.));
#2864=CARTESIAN_POINT('',(10.54,-12.7,0.));
#2865=CARTESIAN_POINT('Origin',(12.7,-12.7,0.));
#2866=CARTESIAN_POINT('Origin',(12.7,-12.7,-3.));
#2867=CARTESIAN_POINT('Origin',(12.7,12.7,0.));
#2868=CARTESIAN_POINT('',(10.54,12.7,-3.));
#2869=CARTESIAN_POINT('Origin',(12.7,12.7,-3.));
#2870=CARTESIAN_POINT('',(10.54,12.7,0.));
#2871=CARTESIAN_POINT('',(10.54,12.7,0.));
#2872=CARTESIAN_POINT('Origin',(12.7,12.7,0.));
#2873=CARTESIAN_POINT('Origin',(12.7,12.7,-3.));
#2874=CARTESIAN_POINT('Origin',(-12.7,-12.7,0.));
#2875=CARTESIAN_POINT('',(-14.86,-12.7,-3.));
#2876=CARTESIAN_POINT('Origin',(-12.7,-12.7,-3.));
#2877=CARTESIAN_POINT('',(-14.86,-12.7,0.));
#2878=CARTESIAN_POINT('',(-14.86,-12.7,0.));
#2879=CARTESIAN_POINT('Origin',(-12.7,-12.7,0.));
#2880=CARTESIAN_POINT('Origin',(-12.7,-12.7,-3.));
#2881=CARTESIAN_POINT('Origin',(-12.7,12.7,0.));
#2882=CARTESIAN_POINT('',(-14.86,12.7,-3.));
#2883=CARTESIAN_POINT('Origin',(-12.7,12.7,-3.));
#2884=CARTESIAN_POINT('',(-14.86,12.7,0.));
#2885=CARTESIAN_POINT('',(-14.86,12.7,0.));
#2886=CARTESIAN_POINT('Origin',(-12.7,12.7,0.));
#2887=CARTESIAN_POINT('Origin',(-12.7,12.7,-3.));
#2888=CARTESIAN_POINT('Origin',(19.05,-4.22994972382185E-15,2.));
#2889=CARTESIAN_POINT('',(15.8,-4.62795993354474E-15,2.));
#2890=CARTESIAN_POINT('Origin',(19.05,-4.22994972382185E-15,2.));
#2891=CARTESIAN_POINT('',(15.8,-4.62795993354474E-15,0.));
#2892=CARTESIAN_POINT('',(15.8,-3.83193951409896E-15,2.));
#2893=CARTESIAN_POINT('Origin',(19.05,-4.22994972382185E-15,0.));
#2894=CARTESIAN_POINT('Origin',(-19.05,-4.22994972382185E-15,2.));
#2895=CARTESIAN_POINT('',(-22.3,-4.62795993354474E-15,2.));
#2896=CARTESIAN_POINT('Origin',(-19.05,-4.22994972382185E-15,2.));
#2897=CARTESIAN_POINT('',(-22.3,-4.62795993354474E-15,0.));
#2898=CARTESIAN_POINT('',(-22.3,-3.83193951409896E-15,2.));
#2899=CARTESIAN_POINT('Origin',(-19.05,-4.22994972382185E-15,0.));
#2900=CARTESIAN_POINT('Origin',(20.,0.,14.));
#2901=CARTESIAN_POINT('',(20.,18.,2.));
#2902=CARTESIAN_POINT('',(8.,18.,14.));
#2903=CARTESIAN_POINT('Origin',(20.,18.,14.));
#2904=CARTESIAN_POINT('',(8.,15.,14.));
#2905=CARTESIAN_POINT('',(8.,0.,14.));
#2906=CARTESIAN_POINT('',(20.,15.,2.));
#2907=CARTESIAN_POINT('Origin',(20.,15.,14.));
#2908=CARTESIAN_POINT('',(20.,0.,2.));
#2909=CARTESIAN_POINT('Origin',(5.,15.,14.));
#2910=CARTESIAN_POINT('',(5.,12.,14.));
#2911=CARTESIAN_POINT('',(5.,4.44089209850063E-15,2.));
#2912=CARTESIAN_POINT('Origin',(5.,5.55111512312578E-15,14.));
#2913=CARTESIAN_POINT('Origin',(5.,15.,2.));
#2914=CARTESIAN_POINT('Origin',(5.,15.,14.));
#2915=CARTESIAN_POINT('Origin',(-5.,15.,14.));
#2916=CARTESIAN_POINT('',(-8.,15.,14.));
#2917=CARTESIAN_POINT('',(-20.,15.,2.));
#2918=CARTESIAN_POINT('Origin',(-20.,15.,14.));
#2919=CARTESIAN_POINT('',(-5.,3.33066907387547E-15,2.));
#2920=CARTESIAN_POINT('Origin',(-5.,15.,2.));
#2921=CARTESIAN_POINT('',(-5.,12.,14.));
#2922=CARTESIAN_POINT('Origin',(-5.,4.44089209850063E-15,14.));
#2923=CARTESIAN_POINT('Origin',(-5.,15.,14.));
#2924=CARTESIAN_POINT('Origin',(-20.,0.,14.));
#2925=CARTESIAN_POINT('',(-8.,18.,14.));
#2926=CARTESIAN_POINT('',(-20.,18.,2.));
#2927=CARTESIAN_POINT('Origin',(-20.,18.,14.));
#2928=CARTESIAN_POINT('',(-20.,0.,2.));
#2929=CARTESIAN_POINT('',(-8.,0.,14.));
#2930=CARTESIAN_POINT('Origin',(-5.,18.,14.));
#2931=CARTESIAN_POINT('',(-7.66458504086471,19.3784,14.));
#2932=CARTESIAN_POINT('',(-18.3229252043236,24.892,2.));
#2933=CARTESIAN_POINT('Origin',(-18.3229252043236,24.892,14.));
#2934=CARTESIAN_POINT('Origin',(-5.,18.,2.));
#2935=CARTESIAN_POINT('Origin',(-5.,18.,14.));
#2936=CARTESIAN_POINT('Origin',(5.,18.,14.));
#2937=CARTESIAN_POINT('',(18.3229252043236,24.892,2.));
#2938=CARTESIAN_POINT('',(7.66458504086471,19.3784,14.));
#2939=CARTESIAN_POINT('Origin',(18.3229252043236,24.892,14.));
#2940=CARTESIAN_POINT('Origin',(5.,18.,14.));
#2941=CARTESIAN_POINT('Origin',(5.,18.,2.));
#2942=CARTESIAN_POINT('Origin',(-5.,18.,14.));
#2943=CARTESIAN_POINT('',(-5.,24.892,5.15351278755234));
#2944=CARTESIAN_POINT('Ctrl Pts',(-5.,24.892,5.15351278755234));
#2945=CARTESIAN_POINT('Ctrl Pts',(-5.58699820384056,24.892,5.15351278755234));
#2946=CARTESIAN_POINT('Ctrl Pts',(-6.22394418868842,24.892,5.0767091669344));
#2947=CARTESIAN_POINT('Ctrl Pts',(-7.47447209578259,24.892,4.79553201539694));
#2948=CARTESIAN_POINT('Ctrl Pts',(-8.08947416211781,24.892,4.59751222449818));
#2949=CARTESIAN_POINT('Ctrl Pts',(-9.04400410401983,24.892,4.26262698239283));
#2950=CARTESIAN_POINT('Ctrl Pts',(-9.52114490547726,24.892,4.0839826213417));
#2951=CARTESIAN_POINT('Ctrl Pts',(-10.2707458276958,24.892,3.80137249321348));
#2952=CARTESIAN_POINT('Ctrl Pts',(-10.6934424990558,24.892,3.64172782717054));
#2953=CARTESIAN_POINT('Ctrl Pts',(-11.6886122056473,24.892,3.27680502547024));
#2954=CARTESIAN_POINT('Ctrl Pts',(-12.4642664725734,24.892,3.0104216990601));
#2955=CARTESIAN_POINT('Ctrl Pts',(-13.9137532455774,24.892,2.58061987604686));
#2956=CARTESIAN_POINT('Ctrl Pts',(-14.7982947000341,24.892,2.36368243702171));
#2957=CARTESIAN_POINT('Ctrl Pts',(-16.5885601699763,24.892,2.07272913750892));
#2958=CARTESIAN_POINT('Ctrl Pts',(-17.4944930659217,24.892,2.));
#2959=CARTESIAN_POINT('Ctrl Pts',(-18.3229252043236,24.892,2.));
#2960=CARTESIAN_POINT('',(-5.,21.,14.));
#2961=CARTESIAN_POINT('Origin',(-5.,18.,14.));
#2962=CARTESIAN_POINT('Origin',(-5.,33.,14.));
#2963=CARTESIAN_POINT('Origin',(5.,18.,14.));
#2964=CARTESIAN_POINT('',(5.,24.892,5.15351278755234));
#2965=CARTESIAN_POINT('Ctrl Pts',(18.3229252043236,24.892,2.));
#2966=CARTESIAN_POINT('Ctrl Pts',(17.4944930659217,24.892,2.));
#2967=CARTESIAN_POINT('Ctrl Pts',(16.5885601699763,24.892,2.07272913750892));
#2968=CARTESIAN_POINT('Ctrl Pts',(14.7982947000341,24.892,2.36368243702171));
#2969=CARTESIAN_POINT('Ctrl Pts',(13.9137532455774,24.892,2.58061987604686));
#2970=CARTESIAN_POINT('Ctrl Pts',(12.4642664725734,24.892,3.0104216990601));
#2971=CARTESIAN_POINT('Ctrl Pts',(11.6886122056473,24.892,3.27680502547024));
#2972=CARTESIAN_POINT('Ctrl Pts',(10.6934424990558,24.892,3.64172782717054));
#2973=CARTESIAN_POINT('Ctrl Pts',(10.2707458276958,24.892,3.80137249321348));
#2974=CARTESIAN_POINT('Ctrl Pts',(9.52114490547726,24.892,4.0839826213417));
#2975=CARTESIAN_POINT('Ctrl Pts',(9.04400410401983,24.892,4.26262698239283));
#2976=CARTESIAN_POINT('Ctrl Pts',(8.08947416211781,24.892,4.59751222449818));
#2977=CARTESIAN_POINT('Ctrl Pts',(7.47447209578259,24.892,4.79553201539694));
#2978=CARTESIAN_POINT('Ctrl Pts',(6.22394418868842,24.892,5.0767091669344));
#2979=CARTESIAN_POINT('Ctrl Pts',(5.58699820384056,24.892,5.15351278755234));
#2980=CARTESIAN_POINT('Ctrl Pts',(5.,24.892,5.15351278755234));
#2981=CARTESIAN_POINT('',(5.,21.,14.));
#2982=CARTESIAN_POINT('Origin',(5.,33.,14.));
#2983=CARTESIAN_POINT('Origin',(5.,18.,14.));
#2984=CARTESIAN_POINT('Origin',(0.,33.,14.));
#2985=CARTESIAN_POINT('',(0.,24.892,5.15351278755234));
#2986=CARTESIAN_POINT('',(0.,21.,14.));
#2987=CARTESIAN_POINT('Origin',(-8.,0.,27.715));
#2988=CARTESIAN_POINT('',(-8.,15.,18.));
#2989=CARTESIAN_POINT('',(-8.,15.,24.3575));
#2990=CARTESIAN_POINT('',(-8.,9.00000000000001,24.));
#2991=CARTESIAN_POINT('Origin',(-8.,9.00000000000001,18.));
#2992=CARTESIAN_POINT('',(-8.,-15.,24.));
#2993=CARTESIAN_POINT('',(-8.,-6.,24.));
#2994=CARTESIAN_POINT('',(-8.,-15.,14.));
#2995=CARTESIAN_POINT('',(-8.,-15.,14.8575));
#2996=CARTESIAN_POINT('',(-8.,-18.,14.));
#2997=CARTESIAN_POINT('',(-8.,0.,14.));
#2998=CARTESIAN_POINT('',(-8.,-18.,52.43));
#2999=CARTESIAN_POINT('',(-8.,-18.,41.5725));
#3000=CARTESIAN_POINT('',(-8.,18.,52.43));
#3001=CARTESIAN_POINT('',(-8.,10.5,52.43));
#3002=CARTESIAN_POINT('',(-8.,18.,13.8575));
#3003=CARTESIAN_POINT('',(-8.,15.,34.));
#3004=CARTESIAN_POINT('',(-8.,9.00000000000001,28.));
#3005=CARTESIAN_POINT('Origin',(-8.,9.00000000000001,34.));
#3006=CARTESIAN_POINT('',(-8.,15.,50.));
#3007=CARTESIAN_POINT('',(-8.,15.,37.3575));
#3008=CARTESIAN_POINT('',(-8.,-9.,50.));
#3009=CARTESIAN_POINT('',(-8.,-6.,50.));
#3010=CARTESIAN_POINT('',(-8.,-15.,44.));
#3011=CARTESIAN_POINT('Origin',(-8.,-9.,44.));
#3012=CARTESIAN_POINT('',(-8.,-15.,28.));
#3013=CARTESIAN_POINT('',(-8.,-15.,29.3575));
#3014=CARTESIAN_POINT('',(-8.,6.,28.));
#3015=CARTESIAN_POINT('Origin',(-5.,15.,24.3575));
#3016=CARTESIAN_POINT('',(-5.,12.,18.));
#3017=CARTESIAN_POINT('',(-5.,12.,24.3575));
#3018=CARTESIAN_POINT('Origin',(-5.,15.,18.));
#3019=CARTESIAN_POINT('Origin',(0.,12.,21.));
#3020=CARTESIAN_POINT('',(0.,12.,14.));
#3021=CARTESIAN_POINT('',(5.,12.,18.));
#3022=CARTESIAN_POINT('',(5.,12.,24.3575));
#3023=CARTESIAN_POINT('',(0.,12.,18.));
#3024=CARTESIAN_POINT('Origin',(5.,15.,24.3575));
#3025=CARTESIAN_POINT('',(8.,15.,18.));
#3026=CARTESIAN_POINT('',(8.,15.,24.3575));
#3027=CARTESIAN_POINT('Origin',(5.,15.,18.));
#3028=CARTESIAN_POINT('Origin',(8.,0.,27.715));
#3029=CARTESIAN_POINT('',(8.,18.,52.43));
#3030=CARTESIAN_POINT('',(8.,18.,13.8575));
#3031=CARTESIAN_POINT('',(8.,-18.,52.43));
#3032=CARTESIAN_POINT('',(8.,10.5,52.43));
#3033=CARTESIAN_POINT('',(8.,-18.,14.));
#3034=CARTESIAN_POINT('',(8.,-18.,41.5725));
#3035=CARTESIAN_POINT('',(8.,-15.,14.));
#3036=CARTESIAN_POINT('',(8.,0.,14.));
#3037=CARTESIAN_POINT('',(8.,-15.,24.));
#3038=CARTESIAN_POINT('',(8.,-15.,14.8575));
#3039=CARTESIAN_POINT('',(8.,9.00000000000001,24.));
#3040=CARTESIAN_POINT('',(8.,-6.,24.));
#3041=CARTESIAN_POINT('Origin',(8.,9.00000000000001,18.));
#3042=CARTESIAN_POINT('',(8.,9.00000000000001,28.));
#3043=CARTESIAN_POINT('',(8.,15.,34.));
#3044=CARTESIAN_POINT('Origin',(8.,9.00000000000001,34.));
#3045=CARTESIAN_POINT('',(8.,-15.,28.));
#3046=CARTESIAN_POINT('',(8.,6.,28.));
#3047=CARTESIAN_POINT('',(8.,-15.,44.));
#3048=CARTESIAN_POINT('',(8.,-15.,29.3575));
#3049=CARTESIAN_POINT('',(8.,-9.,50.));
#3050=CARTESIAN_POINT('Origin',(8.,-9.,44.));
#3051=CARTESIAN_POINT('',(8.,15.,50.));
#3052=CARTESIAN_POINT('',(8.,-6.,50.));
#3053=CARTESIAN_POINT('',(8.,15.,37.3575));
#3054=CARTESIAN_POINT('Origin',(0.,0.,2.));
#3055=CARTESIAN_POINT('',(20.,-15.,2.));
#3056=CARTESIAN_POINT('Origin',(5.,-15.,2.));
#3057=CARTESIAN_POINT('',(20.,-18.,2.));
#3058=CARTESIAN_POINT('',(20.,0.,2.));
#3059=CARTESIAN_POINT('',(18.3229252043236,-24.892,2.));
#3060=CARTESIAN_POINT('Origin',(5.,-18.,2.));
#3061=CARTESIAN_POINT('',(21.892,-24.892,2.));
#3062=CARTESIAN_POINT('',(24.892,-24.892,2.));
#3063=CARTESIAN_POINT('',(24.892,-21.892,2.));
#3064=CARTESIAN_POINT('Origin',(21.892,-21.892,2.));
#3065=CARTESIAN_POINT('',(24.892,21.892,2.));
#3066=CARTESIAN_POINT('',(24.892,24.892,2.));
#3067=CARTESIAN_POINT('',(21.892,24.892,2.));
#3068=CARTESIAN_POINT('Origin',(21.892,21.892,2.));
#3069=CARTESIAN_POINT('',(-24.892,24.892,2.));
#3070=CARTESIAN_POINT('Origin',(-20.,0.,14.));
#3071=CARTESIAN_POINT('',(-20.,-18.,2.));
#3072=CARTESIAN_POINT('Origin',(-20.,-18.,14.));
#3073=CARTESIAN_POINT('',(-20.,-15.,2.));
#3074=CARTESIAN_POINT('Origin',(-20.,-15.,14.));
#3075=CARTESIAN_POINT('',(-20.,0.,2.));
#3076=CARTESIAN_POINT('Origin',(-5.,-15.,14.));
#3077=CARTESIAN_POINT('',(-5.,-12.,14.));
#3078=CARTESIAN_POINT('Origin',(-5.,3.33066907387547E-15,14.));
#3079=CARTESIAN_POINT('Origin',(-5.,-15.,2.));
#3080=CARTESIAN_POINT('Origin',(-5.,-15.,14.));
#3081=CARTESIAN_POINT('Origin',(0.,4.44089209850063E-15,14.));
#3082=CARTESIAN_POINT('',(5.,-12.,14.));
#3083=CARTESIAN_POINT('Origin',(5.,4.44089209850063E-15,14.));
#3084=CARTESIAN_POINT('',(0.,-12.,14.));
#3085=CARTESIAN_POINT('Origin',(5.,-15.,14.));
#3086=CARTESIAN_POINT('Origin',(20.,-15.,14.));
#3087=CARTESIAN_POINT('Origin',(5.,-15.,14.));
#3088=CARTESIAN_POINT('Origin',(20.,0.,14.));
#3089=CARTESIAN_POINT('Origin',(20.,-18.,14.));
#3090=CARTESIAN_POINT('Origin',(5.,-18.,14.));
#3091=CARTESIAN_POINT('',(7.66458504086471,-19.3784,14.));
#3092=CARTESIAN_POINT('Origin',(18.3229252043236,-24.892,14.));
#3093=CARTESIAN_POINT('Origin',(5.,-18.,14.));
#3094=CARTESIAN_POINT('Origin',(-5.,-18.,14.));
#3095=CARTESIAN_POINT('',(-18.3229252043236,-24.892,2.));
#3096=CARTESIAN_POINT('',(-7.66458504086471,-19.3784,14.));
#3097=CARTESIAN_POINT('Origin',(-18.3229252043236,-24.892,14.));
#3098=CARTESIAN_POINT('Origin',(-5.,-18.,14.));
#3099=CARTESIAN_POINT('Origin',(-5.,-18.,2.));
#3100=CARTESIAN_POINT('Origin',(5.,-18.,14.));
#3101=CARTESIAN_POINT('',(5.,-24.892,5.15351278755234));
#3102=CARTESIAN_POINT('Ctrl Pts',(5.,-24.892,5.15351278755234));
#3103=CARTESIAN_POINT('Ctrl Pts',(5.58699820384056,-24.892,5.15351278755234));
#3104=CARTESIAN_POINT('Ctrl Pts',(6.22394418868842,-24.892,5.0767091669344));
#3105=CARTESIAN_POINT('Ctrl Pts',(7.47447209578259,-24.892,4.79553201539695));
#3106=CARTESIAN_POINT('Ctrl Pts',(8.08947416211781,-24.892,4.59751222449818));
#3107=CARTESIAN_POINT('Ctrl Pts',(9.04400410401983,-24.892,4.26262698239283));
#3108=CARTESIAN_POINT('Ctrl Pts',(9.52114490547726,-24.892,4.0839826213417));
#3109=CARTESIAN_POINT('Ctrl Pts',(10.2707458276958,-24.892,3.80137249321348));
#3110=CARTESIAN_POINT('Ctrl Pts',(10.6934424990558,-24.892,3.64172782717054));
#3111=CARTESIAN_POINT('Ctrl Pts',(11.6886122056473,-24.892,3.27680502547024));
#3112=CARTESIAN_POINT('Ctrl Pts',(12.4642664725734,-24.892,3.0104216990601));
#3113=CARTESIAN_POINT('Ctrl Pts',(13.9137532455774,-24.892,2.58061987604686));
#3114=CARTESIAN_POINT('Ctrl Pts',(14.7982947000341,-24.892,2.36368243702172));
#3115=CARTESIAN_POINT('Ctrl Pts',(16.5885601699763,-24.892,2.07272913750892));
#3116=CARTESIAN_POINT('Ctrl Pts',(17.4944930659217,-24.892,2.));
#3117=CARTESIAN_POINT('Ctrl Pts',(18.3229252043236,-24.892,2.));
#3118=CARTESIAN_POINT('',(5.,-21.,14.));
#3119=CARTESIAN_POINT('Origin',(5.,-18.,14.));
#3120=CARTESIAN_POINT('Origin',(5.,-33.,14.));
#3121=CARTESIAN_POINT('Origin',(-5.,-18.,14.));
#3122=CARTESIAN_POINT('',(-5.,-24.892,5.15351278755234));
#3123=CARTESIAN_POINT('Ctrl Pts',(-18.3229252043236,-24.892,2.));
#3124=CARTESIAN_POINT('Ctrl Pts',(-17.4944930659217,-24.892,2.));
#3125=CARTESIAN_POINT('Ctrl Pts',(-16.5885601699763,-24.892,2.07272913750892));
#3126=CARTESIAN_POINT('Ctrl Pts',(-14.7982947000341,-24.892,2.36368243702172));
#3127=CARTESIAN_POINT('Ctrl Pts',(-13.9137532455774,-24.892,2.58061987604686));
#3128=CARTESIAN_POINT('Ctrl Pts',(-12.4642664725734,-24.892,3.0104216990601));
#3129=CARTESIAN_POINT('Ctrl Pts',(-11.6886122056473,-24.892,3.27680502547024));
#3130=CARTESIAN_POINT('Ctrl Pts',(-10.6934424990558,-24.892,3.64172782717054));
#3131=CARTESIAN_POINT('Ctrl Pts',(-10.2707458276958,-24.892,3.80137249321348));
#3132=CARTESIAN_POINT('Ctrl Pts',(-9.52114490547726,-24.892,4.0839826213417));
#3133=CARTESIAN_POINT('Ctrl Pts',(-9.04400410401983,-24.892,4.26262698239283));
#3134=CARTESIAN_POINT('Ctrl Pts',(-8.08947416211781,-24.892,4.59751222449818));
#3135=CARTESIAN_POINT('Ctrl Pts',(-7.47447209578259,-24.892,4.79553201539695));
#3136=CARTESIAN_POINT('Ctrl Pts',(-6.22394418868842,-24.892,5.0767091669344));
#3137=CARTESIAN_POINT('Ctrl Pts',(-5.58699820384056,-24.892,5.15351278755234));
#3138=CARTESIAN_POINT('Ctrl Pts',(-5.,-24.892,5.15351278755234));
#3139=CARTESIAN_POINT('',(-5.,-21.,14.));
#3140=CARTESIAN_POINT('Origin',(-5.,-33.,14.));
#3141=CARTESIAN_POINT('Origin',(-5.,-18.,14.));
#3142=CARTESIAN_POINT('Origin',(0.,-33.,14.));
#3143=CARTESIAN_POINT('',(0.,-24.892,5.15351278755234));
#3144=CARTESIAN_POINT('',(0.,-21.,14.));
#3145=CARTESIAN_POINT('Origin',(5.,-15.,14.8575));
#3146=CARTESIAN_POINT('',(5.,-12.,21.));
#3147=CARTESIAN_POINT('',(5.,-12.,14.8575));
#3148=CARTESIAN_POINT('Origin',(5.,-15.,24.));
#3149=CARTESIAN_POINT('Origin',(0.,-12.,2.));
#3150=CARTESIAN_POINT('',(-5.,-12.,21.));
#3151=CARTESIAN_POINT('',(-5.,-12.,14.8575));
#3152=CARTESIAN_POINT('',(0.,-12.,21.));
#3153=CARTESIAN_POINT('Origin',(-5.,-15.,14.8575));
#3154=CARTESIAN_POINT('Origin',(-5.,-15.,24.));
#3155=CARTESIAN_POINT('Origin',(0.,15.,91.43));
#3156=CARTESIAN_POINT('',(1.,15.,97.43));
#3157=CARTESIAN_POINT('',(1.,21.,91.43));
#3158=CARTESIAN_POINT('Origin',(1.,15.,91.43));
#3159=CARTESIAN_POINT('',(-1.,21.,91.43));
#3160=CARTESIAN_POINT('',(0.,21.,91.43));
#3161=CARTESIAN_POINT('',(-1.,15.,97.43));
#3162=CARTESIAN_POINT('Origin',(-1.,15.,91.43));
#3163=CARTESIAN_POINT('',(0.,15.,97.43));
#3164=CARTESIAN_POINT('Origin',(0.,21.,0.));
#3165=CARTESIAN_POINT('',(-5.,21.,52.43));
#3166=CARTESIAN_POINT('',(-5.,21.,13.8575));
#3167=CARTESIAN_POINT('',(-1.,21.,52.43));
#3168=CARTESIAN_POINT('',(0.,21.,52.43));
#3169=CARTESIAN_POINT('',(-1.,21.,55.43));
#3170=CARTESIAN_POINT('',(1.,21.,52.43));
#3171=CARTESIAN_POINT('',(1.,21.,55.43));
#3172=CARTESIAN_POINT('',(5.,21.,52.43));
#3173=CARTESIAN_POINT('',(0.,21.,52.43));
#3174=CARTESIAN_POINT('',(5.,21.,13.8575));
#3175=CARTESIAN_POINT('Origin',(1.,0.,76.43));
#3176=CARTESIAN_POINT('',(1.,-15.,97.43));
#3177=CARTESIAN_POINT('',(1.,21.,97.43));
#3178=CARTESIAN_POINT('',(1.,-21.,91.43));
#3179=CARTESIAN_POINT('Origin',(1.,-15.,91.43));
#3180=CARTESIAN_POINT('',(1.,-21.,52.43));
#3181=CARTESIAN_POINT('',(1.,-21.,97.43));
#3182=CARTESIAN_POINT('',(1.,-18.,55.43));
#3183=CARTESIAN_POINT('Origin',(1.,-18.,52.43));
#3184=CARTESIAN_POINT('',(1.,18.,55.43));
#3185=CARTESIAN_POINT('',(1.,10.5,55.43));
#3186=CARTESIAN_POINT('Origin',(1.,18.,52.43));
#3187=CARTESIAN_POINT('',(1.,-11.8321595661992,74.43));
#3188=CARTESIAN_POINT('',(1.,-14.,74.43));
#3189=CARTESIAN_POINT('',(1.,-7.,74.43));
#3190=CARTESIAN_POINT('',(1.,-14.,78.43));
#3191=CARTESIAN_POINT('',(1.,-14.,77.43));
#3192=CARTESIAN_POINT('',(1.,-11.8321595661992,78.43));
#3193=CARTESIAN_POINT('',(1.,-5.91607978309961,78.43));
#3194=CARTESIAN_POINT('',(1.,-2.,88.2621595661992));
#3195=CARTESIAN_POINT('Origin',(1.,0.,76.43));
#3196=CARTESIAN_POINT('',(1.,-2.,90.43));
#3197=CARTESIAN_POINT('',(1.,-2.,83.43));
#3198=CARTESIAN_POINT('',(1.,2.,90.43));
#3199=CARTESIAN_POINT('',(1.,0.999999999999999,90.43));
#3200=CARTESIAN_POINT('',(1.,2.,88.2621595661992));
#3201=CARTESIAN_POINT('',(1.,2.,82.3460797830996));
#3202=CARTESIAN_POINT('',(1.,11.8321595661992,78.43));
#3203=CARTESIAN_POINT('Origin',(1.,0.,76.43));
#3204=CARTESIAN_POINT('',(1.,14.,78.43));
#3205=CARTESIAN_POINT('',(1.,7.,78.43));
#3206=CARTESIAN_POINT('',(1.,14.,74.43));
#3207=CARTESIAN_POINT('',(1.,14.,75.43));
#3208=CARTESIAN_POINT('',(1.,11.8321595661992,74.43));
#3209=CARTESIAN_POINT('',(1.,5.91607978309961,74.43));
#3210=CARTESIAN_POINT('',(1.,2.,64.5978404338008));
#3211=CARTESIAN_POINT('Origin',(1.,0.,76.43));
#3212=CARTESIAN_POINT('',(1.,2.,62.43));
#3213=CARTESIAN_POINT('',(1.,2.,69.43));
#3214=CARTESIAN_POINT('',(1.,-2.,62.43));
#3215=CARTESIAN_POINT('',(1.,-1.,62.43));
#3216=CARTESIAN_POINT('',(1.,-2.,64.5978404338008));
#3217=CARTESIAN_POINT('',(1.,-2.,70.5139202169004));
#3218=CARTESIAN_POINT('Origin',(1.,0.,76.43));
#3219=CARTESIAN_POINT('Origin',(0.,-15.,91.43));
#3220=CARTESIAN_POINT('',(-1.,-15.,97.43));
#3221=CARTESIAN_POINT('',(0.,-15.,97.43));
#3222=CARTESIAN_POINT('',(-1.,-21.,91.43));
#3223=CARTESIAN_POINT('Origin',(-1.,-15.,91.43));
#3224=CARTESIAN_POINT('',(0.,-21.,91.43));
#3225=CARTESIAN_POINT('Origin',(0.,-21.,55.43));
#3226=CARTESIAN_POINT('',(5.,-21.,52.43));
#3227=CARTESIAN_POINT('',(5.,-21.,41.5725));
#3228=CARTESIAN_POINT('',(0.,-21.,52.43));
#3229=CARTESIAN_POINT('',(-1.,-21.,52.43));
#3230=CARTESIAN_POINT('',(-1.,-21.,97.43));
#3231=CARTESIAN_POINT('',(-5.,-21.,52.43));
#3232=CARTESIAN_POINT('',(0.,-21.,52.43));
#3233=CARTESIAN_POINT('',(-5.,-21.,41.5725));
#3234=CARTESIAN_POINT('Origin',(5.,-9.,44.));
#3235=CARTESIAN_POINT('',(5.,-12.,44.));
#3236=CARTESIAN_POINT('Origin',(5.,-15.,44.));
#3237=CARTESIAN_POINT('',(5.,-9.,47.));
#3238=CARTESIAN_POINT('Origin',(5.,-9.,44.));
#3239=CARTESIAN_POINT('Origin',(5.,-9.,50.));
#3240=CARTESIAN_POINT('Origin',(5.,-15.,29.3575));
#3241=CARTESIAN_POINT('',(5.,-12.,31.));
#3242=CARTESIAN_POINT('',(5.,-12.,29.3575));
#3243=CARTESIAN_POINT('Origin',(5.,-15.,28.));
#3244=CARTESIAN_POINT('Origin',(5.,9.00000000000001,34.));
#3245=CARTESIAN_POINT('',(5.,12.,34.));
#3246=CARTESIAN_POINT('Origin',(5.,15.,34.));
#3247=CARTESIAN_POINT('',(5.,9.00000000000001,31.));
#3248=CARTESIAN_POINT('Origin',(5.,9.00000000000001,34.));
#3249=CARTESIAN_POINT('Origin',(5.,9.00000000000001,28.));
#3250=CARTESIAN_POINT('Origin',(-5.,-9.,44.));
#3251=CARTESIAN_POINT('',(-5.,-9.,47.));
#3252=CARTESIAN_POINT('Origin',(-5.,-9.,50.));
#3253=CARTESIAN_POINT('',(-5.,-12.,44.));
#3254=CARTESIAN_POINT('Origin',(-5.,-9.,44.));
#3255=CARTESIAN_POINT('Origin',(-5.,-15.,44.));
#3256=CARTESIAN_POINT('Origin',(0.,-9.,44.));
#3257=CARTESIAN_POINT('',(0.,-9.,47.));
#3258=CARTESIAN_POINT('',(0.,-12.,44.));
#3259=CARTESIAN_POINT('Origin',(-5.,-6.,50.));
#3260=CARTESIAN_POINT('',(-5.,12.,47.));
#3261=CARTESIAN_POINT('',(-5.,-6.,47.));
#3262=CARTESIAN_POINT('Origin',(-5.,15.,50.));
#3263=CARTESIAN_POINT('Origin',(-5.,9.00000000000001,34.));
#3264=CARTESIAN_POINT('',(-5.,9.00000000000001,31.));
#3265=CARTESIAN_POINT('Origin',(-5.,9.00000000000001,28.));
#3266=CARTESIAN_POINT('',(-5.,12.,34.));
#3267=CARTESIAN_POINT('Origin',(-5.,9.00000000000001,34.));
#3268=CARTESIAN_POINT('Origin',(-5.,15.,34.));
#3269=CARTESIAN_POINT('Origin',(0.,9.00000000000001,34.));
#3270=CARTESIAN_POINT('',(0.,12.,34.));
#3271=CARTESIAN_POINT('',(0.,9.00000000000001,31.));
#3272=CARTESIAN_POINT('Origin',(-5.,15.,37.3575));
#3273=CARTESIAN_POINT('',(-5.,12.,37.3575));
#3274=CARTESIAN_POINT('Origin',(-5.,6.,28.));
#3275=CARTESIAN_POINT('',(-5.,-12.,31.));
#3276=CARTESIAN_POINT('',(-5.,6.,31.));
#3277=CARTESIAN_POINT('Origin',(-5.,-15.,28.));
#3278=CARTESIAN_POINT('Origin',(-5.,-15.,29.3575));
#3279=CARTESIAN_POINT('',(-5.,-12.,29.3575));
#3280=CARTESIAN_POINT('Origin',(5.,6.,28.));
#3281=CARTESIAN_POINT('',(5.,6.,31.));
#3282=CARTESIAN_POINT('Origin',(5.,15.,37.3575));
#3283=CARTESIAN_POINT('',(5.,12.,47.));
#3284=CARTESIAN_POINT('',(5.,12.,37.3575));
#3285=CARTESIAN_POINT('Origin',(5.,15.,50.));
#3286=CARTESIAN_POINT('Origin',(5.,-6.,50.));
#3287=CARTESIAN_POINT('',(5.,-6.,47.));
#3288=CARTESIAN_POINT('Origin',(0.,12.,31.));
#3289=CARTESIAN_POINT('',(0.,-12.,31.));
#3290=CARTESIAN_POINT('Origin',(0.,12.,47.));
#3291=CARTESIAN_POINT('',(0.,12.,47.));
#3292=CARTESIAN_POINT('Origin',(5.,9.00000000000001,18.));
#3293=CARTESIAN_POINT('',(5.,9.00000000000001,21.));
#3294=CARTESIAN_POINT('Origin',(5.,9.00000000000001,24.));
#3295=CARTESIAN_POINT('Origin',(5.,9.00000000000001,18.));
#3296=CARTESIAN_POINT('Origin',(-5.,9.00000000000001,18.));
#3297=CARTESIAN_POINT('',(-5.,9.00000000000001,21.));
#3298=CARTESIAN_POINT('Origin',(-5.,9.00000000000001,18.));
#3299=CARTESIAN_POINT('Origin',(-5.,9.00000000000001,24.));
#3300=CARTESIAN_POINT('Origin',(0.,9.00000000000001,18.));
#3301=CARTESIAN_POINT('',(0.,9.00000000000001,21.));
#3302=CARTESIAN_POINT('Origin',(-5.,-6.,24.));
#3303=CARTESIAN_POINT('',(-5.,-6.,21.));
#3304=CARTESIAN_POINT('Origin',(5.,-6.,24.));
#3305=CARTESIAN_POINT('',(5.,-6.,21.));
#3306=CARTESIAN_POINT('Origin',(0.,-12.,21.));
#3307=CARTESIAN_POINT('Origin',(-5.,-18.,52.43));
#3308=CARTESIAN_POINT('Origin',(-5.,-18.,52.43));
#3309=CARTESIAN_POINT('',(-5.,-18.,55.43));
#3310=CARTESIAN_POINT('Origin',(-5.,-18.,52.43));
#3311=CARTESIAN_POINT('Origin',(-5.,-18.,52.43));
#3312=CARTESIAN_POINT('Origin',(0.,-18.,52.43));
#3313=CARTESIAN_POINT('',(-1.,-18.,55.43));
#3314=CARTESIAN_POINT('Origin',(-1.,-18.,52.43));
#3315=CARTESIAN_POINT('',(0.,-18.,55.43));
#3316=CARTESIAN_POINT('Origin',(-5.,18.,52.43));
#3317=CARTESIAN_POINT('',(-5.,18.,55.43));
#3318=CARTESIAN_POINT('Origin',(-5.,18.,52.43));
#3319=CARTESIAN_POINT('Origin',(-5.,18.,52.43));
#3320=CARTESIAN_POINT('Origin',(-5.,18.,52.43));
#3321=CARTESIAN_POINT('Origin',(0.,18.,52.43));
#3322=CARTESIAN_POINT('',(-1.,18.,55.43));
#3323=CARTESIAN_POINT('Origin',(-1.,18.,52.43));
#3324=CARTESIAN_POINT('',(0.,18.,55.43));
#3325=CARTESIAN_POINT('Origin',(-5.,18.,13.8575));
#3326=CARTESIAN_POINT('Origin',(-5.,10.5,52.43));
#3327=CARTESIAN_POINT('',(-5.,10.5,55.43));
#3328=CARTESIAN_POINT('Origin',(-5.,-18.,41.5725));
#3329=CARTESIAN_POINT('Origin',(0.,21.,55.43));
#3330=CARTESIAN_POINT('',(-1.,10.5,55.43));
#3331=CARTESIAN_POINT('Origin',(5.,-18.,52.43));
#3332=CARTESIAN_POINT('',(5.,-18.,55.43));
#3333=CARTESIAN_POINT('Origin',(5.,-18.,52.43));
#3334=CARTESIAN_POINT('Origin',(5.,-18.,52.43));
#3335=CARTESIAN_POINT('Origin',(5.,-18.,52.43));
#3336=CARTESIAN_POINT('Origin',(0.,-18.,52.43));
#3337=CARTESIAN_POINT('',(0.,-18.,55.43));
#3338=CARTESIAN_POINT('Origin',(5.,-18.,41.5725));
#3339=CARTESIAN_POINT('Origin',(5.,18.,52.43));
#3340=CARTESIAN_POINT('Origin',(5.,18.,52.43));
#3341=CARTESIAN_POINT('',(5.,18.,55.43));
#3342=CARTESIAN_POINT('Origin',(5.,18.,52.43));
#3343=CARTESIAN_POINT('Origin',(5.,18.,52.43));
#3344=CARTESIAN_POINT('Origin',(0.,18.,52.43));
#3345=CARTESIAN_POINT('',(0.,18.,55.43));
#3346=CARTESIAN_POINT('Origin',(5.,10.5,52.43));
#3347=CARTESIAN_POINT('',(5.,10.5,55.43));
#3348=CARTESIAN_POINT('Origin',(5.,18.,13.8575));
#3349=CARTESIAN_POINT('Origin',(0.,21.,55.43));
#3350=CARTESIAN_POINT('Origin',(0.,0.,76.43));
#3351=CARTESIAN_POINT('',(0.,-2.,64.5978404338008));
#3352=CARTESIAN_POINT('',(-1.,-2.,63.5847674213349));
#3353=CARTESIAN_POINT('Ctrl Pts',(-5.20417042793042E-17,-2.,64.5978404338008));
#3354=CARTESIAN_POINT('Ctrl Pts',(-0.122884813910696,-2.,64.5978404338008));
#3355=CARTESIAN_POINT('Ctrl Pts',(-0.26745385009599,-2.,64.5687755174606));
#3356=CARTESIAN_POINT('Ctrl Pts',(-0.495055806698197,-2.,64.4737164216508));
#3357=CARTESIAN_POINT('Ctrl Pts',(-0.61814688779868,-2.,64.3906010178265));
#3358=CARTESIAN_POINT('Ctrl Pts',(-0.793148794972993,-2.,64.214137586976));
#3359=CARTESIAN_POINT('Ctrl Pts',(-0.875753203340621,-2.,64.0892839440423));
#3360=CARTESIAN_POINT('Ctrl Pts',(-0.970876018411655,-2.,63.8578815278766));
#3361=CARTESIAN_POINT('Ctrl Pts',(-1.,-2.,63.7102031102181));
#3362=CARTESIAN_POINT('Ctrl Pts',(-1.,-2.,63.5847674213349));
#3363=CARTESIAN_POINT('',(-1.,-12.8452325786651,74.43));
#3364=CARTESIAN_POINT('Origin',(-1.,0.,76.43));
#3365=CARTESIAN_POINT('',(0.,-11.8321595661992,74.43));
#3366=CARTESIAN_POINT('Ctrl Pts',(-1.,-12.8452325786651,74.43));
#3367=CARTESIAN_POINT('Ctrl Pts',(-1.,-12.7197968897819,74.43));
#3368=CARTESIAN_POINT('Ctrl Pts',(-0.970876018411657,-12.5721184721234,
74.43));
#3369=CARTESIAN_POINT('Ctrl Pts',(-0.875753203340623,-12.3407160559577,
74.43));
#3370=CARTESIAN_POINT('Ctrl Pts',(-0.793148794972992,-12.215862413024,74.43));
#3371=CARTESIAN_POINT('Ctrl Pts',(-0.618146887798679,-12.0393989821735,
74.43));
#3372=CARTESIAN_POINT('Ctrl Pts',(-0.495055806698194,-11.9562835783492,
74.43));
#3373=CARTESIAN_POINT('Ctrl Pts',(-0.267453850095987,-11.8612244825394,
74.43));
#3374=CARTESIAN_POINT('Ctrl Pts',(-0.122884813910695,-11.8321595661992,
74.43));
#3375=CARTESIAN_POINT('Ctrl Pts',(1.38777878078145E-16,-11.8321595661992,
74.43));
#3376=CARTESIAN_POINT('Origin',(0.,0.,76.43));
#3377=CARTESIAN_POINT('Origin',(-1.,-14.,74.43));
#3378=CARTESIAN_POINT('',(-1.,-14.,74.43));
#3379=CARTESIAN_POINT('',(-1.,-7.,74.43));
#3380=CARTESIAN_POINT('',(-1.,-14.,74.43));
#3381=CARTESIAN_POINT('',(-1.,-11.8321595661992,74.43));
#3382=CARTESIAN_POINT('Origin',(-1.,0.,76.43));
#3383=CARTESIAN_POINT('',(-1.,21.,97.43));
#3384=CARTESIAN_POINT('',(-1.,-2.,62.43));
#3385=CARTESIAN_POINT('',(-1.,-2.,70.5139202169004));
#3386=CARTESIAN_POINT('',(-1.,2.,62.43));
#3387=CARTESIAN_POINT('',(-1.,-1.,62.43));
#3388=CARTESIAN_POINT('',(-1.,2.,63.5847674213349));
#3389=CARTESIAN_POINT('',(-1.,2.,69.43));
#3390=CARTESIAN_POINT('',(-1.,12.8452325786651,74.43));
#3391=CARTESIAN_POINT('Origin',(-1.,0.,76.43));
#3392=CARTESIAN_POINT('',(-1.,14.,74.43));
#3393=CARTESIAN_POINT('',(-1.,5.91607978309961,74.43));
#3394=CARTESIAN_POINT('',(-1.,14.,78.43));
#3395=CARTESIAN_POINT('',(-1.,14.,75.43));
#3396=CARTESIAN_POINT('',(-1.,12.8452325786651,78.43));
#3397=CARTESIAN_POINT('',(-1.,7.,78.43));
#3398=CARTESIAN_POINT('',(-1.,2.,89.2752325786651));
#3399=CARTESIAN_POINT('Origin',(-1.,0.,76.43));
#3400=CARTESIAN_POINT('',(-1.,2.,90.43));
#3401=CARTESIAN_POINT('',(-1.,2.,82.3460797830996));
#3402=CARTESIAN_POINT('',(-1.,-2.,90.43));
#3403=CARTESIAN_POINT('',(-1.,0.999999999999999,90.43));
#3404=CARTESIAN_POINT('',(-1.,-2.,89.2752325786651));
#3405=CARTESIAN_POINT('',(-1.,-2.,83.43));
#3406=CARTESIAN_POINT('',(-1.,-12.8452325786651,78.43));
#3407=CARTESIAN_POINT('Origin',(-1.,0.,76.43));
#3408=CARTESIAN_POINT('',(-1.,-14.,78.43));
#3409=CARTESIAN_POINT('',(-1.,-5.91607978309961,78.43));
#3410=CARTESIAN_POINT('',(-1.,-14.,77.43));
#3411=CARTESIAN_POINT('Origin',(0.,0.,76.43));
#3412=CARTESIAN_POINT('',(0.,-11.8321595661992,78.43));
#3413=CARTESIAN_POINT('Ctrl Pts',(1.38777878078145E-16,-11.8321595661992,
78.43));
#3414=CARTESIAN_POINT('Ctrl Pts',(-0.122884813910695,-11.8321595661992,
78.43));
#3415=CARTESIAN_POINT('Ctrl Pts',(-0.267453850095987,-11.8612244825394,
78.43));
#3416=CARTESIAN_POINT('Ctrl Pts',(-0.495055806698194,-11.9562835783492,
78.43));
#3417=CARTESIAN_POINT('Ctrl Pts',(-0.618146887798679,-12.0393989821735,
78.43));
#3418=CARTESIAN_POINT('Ctrl Pts',(-0.793148794972992,-12.215862413024,78.43));
#3419=CARTESIAN_POINT('Ctrl Pts',(-0.875753203340623,-12.3407160559577,
78.43));
#3420=CARTESIAN_POINT('Ctrl Pts',(-0.970876018411657,-12.5721184721234,
78.43));
#3421=CARTESIAN_POINT('Ctrl Pts',(-1.,-12.7197968897819,78.43));
#3422=CARTESIAN_POINT('Ctrl Pts',(-1.,-12.8452325786651,78.43));
#3423=CARTESIAN_POINT('',(0.,-2.,88.2621595661992));
#3424=CARTESIAN_POINT('Ctrl Pts',(-1.,-2.,89.2752325786651));
#3425=CARTESIAN_POINT('Ctrl Pts',(-1.,-2.,89.1497968897819));
#3426=CARTESIAN_POINT('Ctrl Pts',(-0.970876018411655,-2.,89.0021184721234));
#3427=CARTESIAN_POINT('Ctrl Pts',(-0.875753203340621,-2.,88.7707160559577));
#3428=CARTESIAN_POINT('Ctrl Pts',(-0.793148794972993,-2.,88.645862413024));
#3429=CARTESIAN_POINT('Ctrl Pts',(-0.61814688779868,-2.,88.4693989821735));
#3430=CARTESIAN_POINT('Ctrl Pts',(-0.495055806698197,-2.,88.3862835783492));
#3431=CARTESIAN_POINT('Ctrl Pts',(-0.26745385009599,-2.,88.2912244825394));
#3432=CARTESIAN_POINT('Ctrl Pts',(-0.122884813910695,-2.,88.2621595661992));
#3433=CARTESIAN_POINT('Ctrl Pts',(7.28583859910259E-16,-2.,88.2621595661992));
#3434=CARTESIAN_POINT('Origin',(0.,0.,76.43));
#3435=CARTESIAN_POINT('Origin',(-1.,-2.,90.43));
#3436=CARTESIAN_POINT('',(-1.,-2.,90.43));
#3437=CARTESIAN_POINT('',(-1.,-2.,88.2621595661992));
#3438=CARTESIAN_POINT('Origin',(0.,0.,76.43));
#3439=CARTESIAN_POINT('',(0.,2.,88.2621595661992));
#3440=CARTESIAN_POINT('Ctrl Pts',(4.16333634234434E-16,2.,88.2621595661992));
#3441=CARTESIAN_POINT('Ctrl Pts',(-0.122884813910695,2.,88.2621595661992));
#3442=CARTESIAN_POINT('Ctrl Pts',(-0.26745385009599,2.,88.2912244825394));
#3443=CARTESIAN_POINT('Ctrl Pts',(-0.495055806698197,2.,88.3862835783492));
#3444=CARTESIAN_POINT('Ctrl Pts',(-0.61814688779868,2.,88.4693989821735));
#3445=CARTESIAN_POINT('Ctrl Pts',(-0.793148794972993,2.,88.645862413024));
#3446=CARTESIAN_POINT('Ctrl Pts',(-0.875753203340623,2.,88.7707160559577));
#3447=CARTESIAN_POINT('Ctrl Pts',(-0.970876018411656,2.,89.0021184721234));
#3448=CARTESIAN_POINT('Ctrl Pts',(-1.,2.,89.1497968897819));
#3449=CARTESIAN_POINT('Ctrl Pts',(-0.999999999999999,2.,89.2752325786651));
#3450=CARTESIAN_POINT('',(0.,11.8321595661992,78.43));
#3451=CARTESIAN_POINT('Ctrl Pts',(-1.,12.8452325786651,78.43));
#3452=CARTESIAN_POINT('Ctrl Pts',(-1.,12.7197968897819,78.43));
#3453=CARTESIAN_POINT('Ctrl Pts',(-0.970876018411657,12.5721184721234,78.43));
#3454=CARTESIAN_POINT('Ctrl Pts',(-0.875753203340623,12.3407160559577,78.43));
#3455=CARTESIAN_POINT('Ctrl Pts',(-0.793148794972992,12.215862413024,78.43));
#3456=CARTESIAN_POINT('Ctrl Pts',(-0.618146887798679,12.0393989821735,78.43));
#3457=CARTESIAN_POINT('Ctrl Pts',(-0.495055806698194,11.9562835783492,78.43));
#3458=CARTESIAN_POINT('Ctrl Pts',(-0.267453850095987,11.8612244825394,78.43));
#3459=CARTESIAN_POINT('Ctrl Pts',(-0.122884813910695,11.8321595661992,78.43));
#3460=CARTESIAN_POINT('Ctrl Pts',(1.38777878078145E-16,11.8321595661992,
78.43));
#3461=CARTESIAN_POINT('Origin',(0.,0.,76.43));
#3462=CARTESIAN_POINT('Origin',(-1.,14.,78.43));
#3463=CARTESIAN_POINT('',(-1.,14.,78.43));
#3464=CARTESIAN_POINT('',(-1.,11.8321595661992,78.43));
#3465=CARTESIAN_POINT('Origin',(0.,0.,76.43));
#3466=CARTESIAN_POINT('',(0.,11.8321595661992,74.43));
#3467=CARTESIAN_POINT('Ctrl Pts',(1.56125112837913E-16,11.8321595661992,
74.43));
#3468=CARTESIAN_POINT('Ctrl Pts',(-0.122884813910695,11.8321595661992,74.43));
#3469=CARTESIAN_POINT('Ctrl Pts',(-0.267453850095987,11.8612244825394,74.43));
#3470=CARTESIAN_POINT('Ctrl Pts',(-0.495055806698194,11.9562835783492,74.43));
#3471=CARTESIAN_POINT('Ctrl Pts',(-0.618146887798679,12.0393989821735,74.43));
#3472=CARTESIAN_POINT('Ctrl Pts',(-0.793148794972992,12.215862413024,74.43));
#3473=CARTESIAN_POINT('Ctrl Pts',(-0.875753203340623,12.3407160559577,74.43));
#3474=CARTESIAN_POINT('Ctrl Pts',(-0.970876018411657,12.5721184721234,74.43));
#3475=CARTESIAN_POINT('Ctrl Pts',(-1.,12.7197968897819,74.43));
#3476=CARTESIAN_POINT('Ctrl Pts',(-1.,12.8452325786651,74.43));
#3477=CARTESIAN_POINT('',(0.,2.,64.5978404338008));
#3478=CARTESIAN_POINT('Ctrl Pts',(-1.,2.,63.5847674213349));
#3479=CARTESIAN_POINT('Ctrl Pts',(-0.999999999999999,2.,63.7102031102181));
#3480=CARTESIAN_POINT('Ctrl Pts',(-0.970876018411656,2.,63.8578815278766));
#3481=CARTESIAN_POINT('Ctrl Pts',(-0.875753203340623,2.,64.0892839440423));
#3482=CARTESIAN_POINT('Ctrl Pts',(-0.793148794972993,2.,64.214137586976));
#3483=CARTESIAN_POINT('Ctrl Pts',(-0.61814688779868,2.,64.3906010178265));
#3484=CARTESIAN_POINT('Ctrl Pts',(-0.495055806698197,2.,64.4737164216508));
#3485=CARTESIAN_POINT('Ctrl Pts',(-0.26745385009599,2.,64.5687755174606));
#3486=CARTESIAN_POINT('Ctrl Pts',(-0.122884813910696,2.,64.5978404338008));
#3487=CARTESIAN_POINT('Ctrl Pts',(-1.73472347597681E-17,2.,64.5978404338008));
#3488=CARTESIAN_POINT('Origin',(0.,0.,76.43));
#3489=CARTESIAN_POINT('Origin',(-1.,11.8321595661992,74.43));
#3490=CARTESIAN_POINT('',(-1.,11.8321595661992,74.43));
#3491=CARTESIAN_POINT('',(-1.,14.,74.43));
#3492=CARTESIAN_POINT('Origin',(-1.,-14.,78.43));
#3493=CARTESIAN_POINT('',(-1.,-14.,78.43));
#3494=CARTESIAN_POINT('Origin',(-1.,-11.8321595661992,78.43));
#3495=CARTESIAN_POINT('',(-1.,-11.8321595661992,78.43));
#3496=CARTESIAN_POINT('Origin',(-1.,0.,76.43));
#3497=CARTESIAN_POINT('Origin',(-1.,2.,90.43));
#3498=CARTESIAN_POINT('',(-1.,2.,90.43));
#3499=CARTESIAN_POINT('Origin',(-1.,2.,88.2621595661992));
#3500=CARTESIAN_POINT('',(-1.,2.,88.2621595661992));
#3501=CARTESIAN_POINT('Origin',(-1.,0.,76.43));
#3502=CARTESIAN_POINT('Origin',(-1.,14.,74.43));
#3503=CARTESIAN_POINT('Origin',(-1.,0.,76.43));
#3504=CARTESIAN_POINT('',(-1.,2.,64.5978404338008));
#3505=CARTESIAN_POINT('Origin',(-1.,2.,62.43));
#3506=CARTESIAN_POINT('',(-1.,2.,62.43));
#3507=CARTESIAN_POINT('Origin',(-1.,-2.,62.43));
#3508=CARTESIAN_POINT('',(-1.,-2.,62.43));
#3509=CARTESIAN_POINT('Origin',(-1.,-2.,64.5978404338008));
#3510=CARTESIAN_POINT('',(-1.,-2.,64.5978404338008));
#3511=CARTESIAN_POINT('Origin',(-1.,0.,76.43));
#3512=CARTESIAN_POINT('Origin',(0.,21.,97.43));
#3513=CARTESIAN_POINT('Origin',(0.,-12.,31.));
#3514=CARTESIAN_POINT('Origin',(0.,-12.,47.));
#3515=CARTESIAN_POINT('Origin',(-21.892,21.892,0.));
#3516=CARTESIAN_POINT('',(-24.892,21.892,2.));
#3517=CARTESIAN_POINT('',(-21.892,24.892,2.));
#3518=CARTESIAN_POINT('Origin',(-21.892,21.892,2.));
#3519=CARTESIAN_POINT('',(-21.892,24.892,0.));
#3520=CARTESIAN_POINT('',(-21.892,24.892,0.));
#3521=CARTESIAN_POINT('',(-24.892,21.892,0.));
#3522=CARTESIAN_POINT('Origin',(-21.892,21.892,0.));
#3523=CARTESIAN_POINT('',(-24.892,21.892,0.));
#3524=CARTESIAN_POINT('Origin',(-24.892,24.892,0.));
#3525=CARTESIAN_POINT('',(-24.892,-21.892,0.));
#3526=CARTESIAN_POINT('',(-24.892,-24.892,0.));
#3527=CARTESIAN_POINT('',(-24.892,-21.892,2.));
#3528=CARTESIAN_POINT('',(-24.892,-21.892,0.));
#3529=CARTESIAN_POINT('',(-24.892,-24.892,2.));
#3530=CARTESIAN_POINT('Origin',(0.,0.,0.));
#3531=CARTESIAN_POINT('',(21.892,24.892,0.));
#3532=CARTESIAN_POINT('',(-24.892,24.892,0.));
#3533=CARTESIAN_POINT('',(24.892,21.892,0.));
#3534=CARTESIAN_POINT('Origin',(21.892,21.892,0.));
#3535=CARTESIAN_POINT('',(24.892,-21.892,0.));
#3536=CARTESIAN_POINT('',(24.892,24.892,0.));
#3537=CARTESIAN_POINT('',(21.892,-24.892,0.));
#3538=CARTESIAN_POINT('Origin',(21.892,-21.892,0.));
#3539=CARTESIAN_POINT('',(-21.892,-24.892,0.));
#3540=CARTESIAN_POINT('',(24.892,-24.892,0.));
#3541=CARTESIAN_POINT('Origin',(-21.892,-21.892,0.));
#3542=CARTESIAN_POINT('Origin',(21.892,21.892,0.));
#3543=CARTESIAN_POINT('',(24.892,21.892,0.));
#3544=CARTESIAN_POINT('',(21.892,24.892,0.));
#3545=CARTESIAN_POINT('Origin',(24.892,-24.892,0.));
#3546=CARTESIAN_POINT('',(24.892,-21.892,0.));
#3547=CARTESIAN_POINT('Origin',(21.892,-21.892,0.));
#3548=CARTESIAN_POINT('',(21.892,-24.892,0.));
#3549=CARTESIAN_POINT('Origin',(-21.892,-21.892,0.));
#3550=CARTESIAN_POINT('',(-21.892,-24.892,2.));
#3551=CARTESIAN_POINT('Origin',(-21.892,-21.892,2.));
#3552=CARTESIAN_POINT('',(-21.892,-24.892,0.));
#3553=CARTESIAN_POINT('Origin',(-24.892,-24.892,0.));
#3554=CARTESIAN_POINT('',(24.892,-24.892,2.));
#3555=CARTESIAN_POINT('Origin',(24.892,24.892,0.));
#3556=CARTESIAN_POINT('',(-24.892,24.892,2.));
#3557=CARTESIAN_POINT('Origin',(0.,0.,2.));
#3558=UNCERTAINTY_MEASURE_WITH_UNIT(LENGTH_MEASURE(0.01),#3562,
'DISTANCE_ACCURACY_VALUE',
'Maximum model space distance between geometric entities at asserted c
onnectivities');
#3559=UNCERTAINTY_MEASURE_WITH_UNIT(LENGTH_MEASURE(0.01),#3562,
'DISTANCE_ACCURACY_VALUE',
'Maximum model space distance between geometric entities at asserted c
onnectivities');
#3560=(
GEOMETRIC_REPRESENTATION_CONTEXT(3)
GLOBAL_UNCERTAINTY_ASSIGNED_CONTEXT((#3558))
GLOBAL_UNIT_ASSIGNED_CONTEXT((#3562,#3564,#3565))
REPRESENTATION_CONTEXT('','3D')
);
#3561=(
GEOMETRIC_REPRESENTATION_CONTEXT(3)
GLOBAL_UNCERTAINTY_ASSIGNED_CONTEXT((#3559))
GLOBAL_UNIT_ASSIGNED_CONTEXT((#3562,#3564,#3565))
REPRESENTATION_CONTEXT('','3D')
);
#3562=(
LENGTH_UNIT()
NAMED_UNIT(*)
SI_UNIT(.MILLI.,.METRE.)
);
#3563=(
LENGTH_UNIT()
NAMED_UNIT(*)
SI_UNIT($,.METRE.)
);
#3564=(
NAMED_UNIT(*)
PLANE_ANGLE_UNIT()
SI_UNIT($,.RADIAN.)
);
#3565=(
NAMED_UNIT(*)
SI_UNIT($,.STERADIAN.)
SOLID_ANGLE_UNIT()
);
#3566=SHAPE_DEFINITION_REPRESENTATION(#3567,#3568);
#3567=PRODUCT_DEFINITION_SHAPE('',$,#3570);
#3568=SHAPE_REPRESENTATION('',(#1978),#3560);
#3569=PRODUCT_DEFINITION_CONTEXT('part definition',#3574,'design');
#3570=PRODUCT_DEFINITION('Sample Holder','Sample Holder v2',#3571,#3569);
#3571=PRODUCT_DEFINITION_FORMATION('',$,#3576);
#3572=PRODUCT_RELATED_PRODUCT_CATEGORY('Sample Holder v2',
'Sample Holder v2',(#3576));
#3573=APPLICATION_PROTOCOL_DEFINITION('international standard',
'automotive_design',2009,#3574);
#3574=APPLICATION_CONTEXT(
'Core Data for Automotive Mechanical Design Process');
#3575=PRODUCT_CONTEXT('part definition',#3574,'mechanical');
#3576=PRODUCT('Sample Holder','Sample Holder v2',$,(#3575));
#3577=PRESENTATION_STYLE_ASSIGNMENT((#3578));
#3578=SURFACE_STYLE_USAGE(.BOTH.,#3579);
#3579=SURFACE_SIDE_STYLE('',(#3580));
#3580=SURFACE_STYLE_FILL_AREA(#3581);
#3581=FILL_AREA_STYLE('Steel - Satin',(#3582));
#3582=FILL_AREA_STYLE_COLOUR('Steel - Satin',#3583);
#3583=COLOUR_RGB('Steel - Satin',0.627450980392157,0.627450980392157,0.627450980392157);
ENDSEC;
END-ISO-10303-21;
